melody_num,melody_id,pitch_features.pitch_range,pitch_features.pitch_standard_deviation,pitch_features.pitch_entropy,pitch_features.pcdist1,pitch_features.basic_pitch_histogram,pitch_features.mean_pitch,pitch_features.most_common_pitch,pitch_features.number_of_pitches,pitch_features.melodic_pitch_variety,pitch_features.dominant_spread,pitch_features.folded_fifths_pitch_class_histogram,pitch_features.pitch_class_kurtosis_after_folding,pitch_features.pitch_class_skewness_after_folding,pitch_features.pitch_class_variability_after_folding,interval_features.pitch_interval,interval_features.absolute_interval_range,interval_features.mean_absolute_interval,interval_features.modal_interval,interval_features.interval_entropy,interval_features.ivdist1,interval_features.interval_direction_mean,interval_features.interval_direction_sd,interval_features.average_interval_span_by_melodic_arcs,interval_features.distance_between_most_prevalent_melodic_intervals,interval_features.melodic_interval_histogram,interval_features.melodic_large_intervals,interval_features.variable_melodic_intervals,interval_features.number_of_common_melodic_intervals,interval_features.prevalence_of_most_common_melodic_interval,contour_features.step_contour_global_variation,contour_features.step_contour_global_direction,contour_features.step_contour_local_variation,contour_features.interpolation_contour_global_direction,contour_features.interpolation_contour_mean_gradient,contour_features.interpolation_contour_gradient_std,contour_features.interpolation_contour_direction_changes,contour_features.interpolation_contour_class_label,duration_features.tempo,duration_features.duration_range,duration_features.modal_duration,duration_features.mean_duration,duration_features.duration_standard_deviation,duration_features.number_of_durations,duration_features.global_duration,duration_features.note_density,duration_features.duration_entropy,duration_features.length,duration_features.ioi_mean,duration_features.ioi_std,duration_features.ioi_ratio_mean,duration_features.ioi_ratio_std,duration_features.ioi_contour_mean,duration_features.ioi_contour_std,duration_features.ioi_range,duration_features.ioi_histogram,duration_features.duration_histogram,tonality_features.tonalness,tonality_features.tonal_clarity,tonality_features.tonal_spike,tonality_features.tonal_entropy,tonality_features.referent,tonality_features.inscale,tonality_features.temperley_likelihood,tonality_features.longest_monotonic_conjunct_scalar_passage,tonality_features.longest_conjunct_scalar_passage,tonality_features.proportion_conjunct_scalar,tonality_features.proportion_scalar,tonality_features.tonalness_histogram,narmour_features.registral_direction,narmour_features.proximity,narmour_features.closure,narmour_features.registral_return,narmour_features.intervallic_difference,melodic_movement_features.amount_of_arpeggiation,melodic_movement_features.chromatic_motion,melodic_movement_features.melodic_embellishment,melodic_movement_features.repeated_notes,melodic_movement_features.stepwise_motion,mtype_features.yules_k,mtype_features.simpsons_d,mtype_features.sichels_s,mtype_features.honores_h,mtype_features.mean_entropy,mtype_features.mean_productivity,corpus_features.tfdf_spearman,corpus_features.tfdf_kendall,corpus_features.mean_log_tfdf,corpus_features.norm_log_dist,corpus_features.max_log_df,corpus_features.min_log_df,corpus_features.mean_log_df,idyom_default_pitch_features.mean_information_content
1,allemande_fifth_fragment.midi,31,6.373207088667473,4.122411899603703,"{0.0: 0.13131313131313133, 1.0: 0.020202020202020204, 2.0: 0.12121212121212122, 3.0: 0.010101010101010102, 4.0: 0.17171717171717174, 5.0: 0.06060606060606061, 6.0: 0.010101010101010102, 7.0: 0.030303030303030304, 8.0: 0.05050505050505051, 9.0: 0.27272727272727276, 10.0: 0.020202020202020204, 11.0: 0.10101010101010102}","{'62.00-63.29': 1, '63.29-64.58': 4, '64.58-65.88': 1, '65.88-67.17': 1, '67.17-68.46': 1, '68.46-69.75': 4, '69.75-71.04': 7, '71.04-72.33': 9, '72.33-73.62': 1, '73.62-74.92': 9, '74.92-76.21': 10, '76.21-77.50': 5, '77.50-78.79': 1, '78.79-80.08': 6, '80.08-81.38': 11, '81.38-82.67': 2, '82.67-83.96': 3, '83.96-85.25': 5, '85.25-86.54': 2, '86.54-87.83': 0, '87.83-89.12': 4, '89.12-90.42': 0, '90.42-91.71': 0, '91.71-93.00': 1}",76.36363636363636,81,24,0.7272727272727273,1,"{0: 13.0, 7: 3.0, 2: 12.0, 9: 16.0, 4: 17.0, 11: 10.0, 6: 1.0, 1: 2.0, 8: 5.0, 3: 1.0, 10: 2.0, 5: 6.0}",-1.2167832167832167,0.0,3.452052529534663,"[-3, -6, -1, 8, -3, -6, -1, 8, -3, -6, -1, 8, -2, -6, -2, 9, -4, -3, -3, 6, -3, -3, -3, 3, 3, 3, -1, -2, -2, -1, 1, 4, 5, -9, -1, -2, -5, 16, 1, -12, -2, -3, 1, 16, -17, 15, -17, 15, -1, -3, 1, 8, -10, 9, -1, -4, -2, -3, 1, 16, -17, 15, -14, 12, -10, 9, -7, 5, 2, -3, 1, -17, 5, 3, 4, -7, 3, 4, 5, -5, 5, 3, 4, -7, 3, 4, 5]",16,5.666666666666667,-3,4.167411778501546,"{-17.0: 0.04597701149425287, -14.0: 0.011494252873563218, -12.0: 0.011494252873563218, -10.0: 0.022988505747126436, -9.0: 0.011494252873563218, -7.0: 0.034482758620689655, -6.0: 0.04597701149425287, -5.0: 0.022988505747126436, -4.0: 0.022988505747126436, -3.0: 0.13793103448275862, -2.0: 0.08045977011494253, -1.0: 0.09195402298850575, 1.0: 0.06896551724137931, 2.0: 0.011494252873563218, 3.0: 0.08045977011494253, 4.0: 0.05747126436781609, 5.0: 0.06896551724137931, 6.0: 0.011494252873563218, 8.0: 0.04597701149425287, 9.0: 0.034482758620689655, 12.0: 0.011494252873563218, 15.0: 0.034482758620689655, 16.0: 0.034482758620689655}",-0.08045977011494253,0.9967578569507495,10.688888888888888,2.0,"{'-17.00--16.00': 4, '-16.00--15.00': 0, '-15.00--14.00': 0, '-14.00--13.00': 1, '-13.00--12.00': 0, '-12.00--11.00': 1, '-11.00--10.00': 0, '-10.00--9.00': 2, '-9.00--8.00': 1, '-8.00--7.00': 0, '-7.00--6.00': 3, '-6.00--5.00': 4, '-5.00--4.00': 2, '-4.00--3.00': 2, '-3.00--2.00': 12, '-2.00--1.00': 7, '-1.00-0.00': 8, '0.00-1.00': 0, '1.00-2.00': 6, '2.00-3.00': 1, '3.00-4.00': 7, '4.00-5.00': 5, '5.00-6.00': 6, '6.00-7.00': 1, '7.00-8.00': 0, '8.00-9.00': 4, '9.00-10.00': 3, '10.00-11.00': 0, '11.00-12.00': 0, '12.00-13.00': 1, '13.00-14.00': 0, '14.00-15.00': 0, '15.00-16.00': 6}",0.12643678160919541,0.2988505747126437,2,0.13793103448275862,7.506702734057077,0.28664976155664124,5.412698412698413,-1,38.20186598812552,46.77584303386856,1.0,aeee,100,1.0500000000000025,0.15000000000000036,0.16193181818181818,0.1112925909743553,9,14.25,6.175438596491228,2.184467209199342,88,0.15,5.153909194679464e-16,1.0,5.696748261393173e-15,0.011627906976744186,0.769992238657828,1.7763568394002505e-15,{'0.15-0.15': 48},"{'0.15-0.27': 87, '0.27-0.38': 0, '0.38-0.50': 0, '0.50-0.62': 0, '0.62-0.73': 0, '0.73-0.85': 0, '0.85-0.97': 0, '0.97-1.08': 0, '1.08-1.20': 1}",0.8660772864118513,1.4290174289147826,0.10341736205792676,4.584962500721156,9,0,7.768511871050897e-258,2,6,0.06818181818181818,0.022727272727272728,"{'0.37-0.41': 0, '0.41-0.45': 0, '0.45-0.49': 0, '0.49-0.53': 0, '0.53-0.57': 0, '0.57-0.62': 0, '0.62-0.66': 0, '0.66-0.70': 0, '0.70-0.74': 0, '0.74-0.78': 0, '0.78-0.82': 0, '0.82-0.87': 0, '0.87-0.91': 1, '0.91-0.95': 0, '0.95-0.99': 0, '0.99-1.03': 0, '1.03-1.07': 0, '1.07-1.12': 0, '1.12-1.16': 0, '1.16-1.20': 0, '1.20-1.24': 0, '1.24-1.28': 0, '1.28-1.32': 0, '1.32-1.37': 0}",1.0,1.0,0.0,0.0,1.0,0.4482758620689655,0.16091954022988506,0.0,0.0,0.25287356321839083,47.928605051955074,0.006765247092966711,0.13690476190476192,2866.8215030227916,5.525373963299126,0.7827380952380952,0.2861986115767684,0.23092812658898645,0.001963956682766798,0.02272285201138077,8.998754769495703,0.6931471805599453,3.7670968434923493,6.771231
2,allemande_first_fragment.midi,26,5.538037634383117,3.89684216994573,"{0.0: 0.1640625, 2.0: 0.1171875, 4.0: 0.1796875, 5.0: 0.0859375, 6.0: 0.0078125, 7.0: 0.046875, 8.0: 0.1015625, 9.0: 0.1875, 10.0: 0.015625, 11.0: 0.09375}","{'62.00-63.24': 1, '63.24-64.48': 4, '64.48-65.71': 2, '65.71-66.95': 0, '66.95-68.19': 9, '68.19-69.43': 13, '69.43-70.67': 1, '70.67-71.90': 8, '71.90-73.14': 17, '73.14-74.38': 11, '74.38-75.62': 0, '75.62-76.86': 18, '76.86-78.10': 10, '78.10-79.33': 4, '79.33-80.57': 6, '80.57-81.81': 11, '81.81-83.05': 5, '83.05-84.29': 4, '84.29-85.52': 0, '85.52-86.76': 3, '86.76-88.00': 1}",74.6328125,76,21,0.8359375,1,"{0: 21.0, 7: 6.0, 2: 15.0, 9: 24.0, 4: 23.0, 11: 12.0, 6: 1.0, 8: 13.0, 10: 2.0, 5: 11.0}",-0.8915096157551927,-0.4168107009393785,3.340658617698013,"[5, -1, 1, 3, -3, -5, -7, 7, 5, -1, 1, 3, -3, -5, -7, 3, 4, 1, -9, 9, -1, -2, -2, 4, 4, 1, -17, 10, -2, -1, -2, 3, 4, 1, -9, 9, -1, -2, -2, 4, 4, 1, -17, 10, -2, -1, -2, 3, -4, 1, -4, 9, -6, 1, -5, 8, -4, 1, -7, 10, -1, -2, -1, -4, 4, 3, 5, 4, 3, 3, -9, 9, -3, -3, -4, -2, -2, -1, 1, -3, 3, 4, 5, 3, 4, -11, 2, 3, -3, -3, -4, -2, -1, -2, 2, -4, 4, 3, 2, 3, 4, -9, -1, -4, 4, 3, 2, 3, 4, -9, -2, -3, 3, 4, 1, 4, 3, -8, -2, -3, 3, 4, 1, 4, 3, -9, -1]",16,3.937007874015748,3,3.770452448531036,"{-17.0: 0.015748031496062992, -11.0: 0.007874015748031496, -9.0: 0.047244094488188976, -8.0: 0.007874015748031496, -7.0: 0.023622047244094488, -6.0: 0.007874015748031496, -5.0: 0.023622047244094488, -4.0: 0.06299212598425197, -3.0: 0.07086614173228346, -2.0: 0.11811023622047244, -1.0: 0.09448818897637795, 1.0: 0.09448818897637795, 2.0: 0.031496062992125984, 3.0: 0.14960629921259844, 4.0: 0.14173228346456693, 5.0: 0.031496062992125984, 7.0: 0.007874015748031496, 8.0: 0.007874015748031496, 9.0: 0.031496062992125984, 10.0: 0.023622047244094488}",0.03937007874015748,0.9992246979033262,8.596491228070175,1.0,"{'-17.00--16.00': 2, '-16.00--15.00': 0, '-15.00--14.00': 0, '-14.00--13.00': 0, '-13.00--12.00': 0, '-12.00--11.00': 0, '-11.00--10.00': 1, '-10.00--9.00': 0, '-9.00--8.00': 6, '-8.00--7.00': 1, '-7.00--6.00': 3, '-6.00--5.00': 1, '-5.00--4.00': 3, '-4.00--3.00': 8, '-3.00--2.00': 9, '-2.00--1.00': 15, '-1.00-0.00': 12, '0.00-1.00': 0, '1.00-2.00': 12, '2.00-3.00': 4, '3.00-4.00': 19, '4.00-5.00': 18, '5.00-6.00': 4, '6.00-7.00': 0, '7.00-8.00': 1, '8.00-9.00': 1, '9.00-10.00': 7}",0.015748031496062992,0.1732283464566929,5,0.14960629921259844,5.273385416409463,-0.04763768315050699,5.095238095238095,1,25.83530738860687,31.534376699456846,1.0,eeea,100,3.552713678800501e-15,0.15000000000000036,0.15000000000000002,8.765178534812907e-16,9,19.200000000000003,6.666666666666666,2.283138891914612,128,0.15,8.593752917441263e-16,0.9999999999999999,1.0063363773257778e-14,0.0,0.7663560447348134,3.552713678800501e-15,{'0.15-0.15': 8},{'0.15-0.15': 9},0.9066477559131788,1.5244034203160364,0.12093703547566181,4.584962500721156,9,0,5.385994226813548e-257,3,5,0.0390625,0.0234375,"{'0.41-0.45': 0, '0.45-0.49': 0, '0.49-0.53': 0, '0.53-0.57': 0, '0.57-0.61': 0, '0.61-0.66': 0, '0.66-0.70': 0, '0.70-0.74': 0, '0.74-0.78': 0, '0.78-0.82': 0, '0.82-0.86': 0, '0.86-0.91': 0, '0.91-0.95': 1, '0.95-0.99': 0, '0.99-1.03': 0, '1.03-1.07': 0, '1.07-1.11': 0, '1.11-1.16': 0, '1.16-1.20': 0, '1.20-1.24': 0, '1.24-1.28': 0, '1.28-1.32': 0, '1.32-1.36': 0, '1.36-1.41': 0}",0.0,5.0,1.0,0.0,1.0,0.4881889763779528,0.1889763779527559,0.0,0.0,0.33858267716535434,57.812687608981214,0.007119956846574159,0.21627906976744185,2091.844139416993,5.671263837099788,0.6837209302325581,0.3881875377341752,0.3058590226593562,0.002551976816306547,0.017525763886629145,8.998754769495703,0.6931471805599453,3.45832810189007,5.670322
3,allemande_fourth_fragment.midi,21,4.814213259251771,3.5492684657946207,"{0.0: 0.10416666666666666, 1.0: 0.020833333333333332, 2.0: 0.22916666666666666, 4.0: 0.08333333333333333, 5.0: 0.125, 6.0: 0.0625, 7.0: 0.13541666666666666, 9.0: 0.125, 11.0: 0.11458333333333333}","{'62.00-63.40': 4, '63.40-64.80': 1, '64.80-66.20': 1, '66.20-67.60': 4, '67.60-69.00': 0, '69.00-70.40': 10, '70.40-71.80': 6, '71.80-73.20': 12, '73.20-74.60': 18, '74.60-76.00': 0, '76.00-77.40': 19, '77.40-78.80': 5, '78.80-80.20': 9, '80.20-81.60': 2, '81.60-83.00': 5}",73.89583333333333,74,15,0.84375,1,"{0: 10.0, 7: 13.0, 2: 22.0, 9: 12.0, 4: 8.0, 11: 11.0, 6: 6.0, 1: 2.0, 5: 12.0}",-1.0462962962962965,0.2332847374079217,3.4641016151377544,"[5, -1, 1, 3, -3, -5, -7, 7, 5, -1, 1, 3, -3, -5, -7, 7, 3, -1, 1, 6, -6, -3, -7, 7, 3, -1, 1, 6, -6, -3, -7, 10, 6, -2, -2, -2, -1, -2, -5, 10, -2, -1, -5, 10, -2, -2, -1, 3, 5, -1, 1, 4, -4, -5, -7, 7, 5, -1, 1, 4, -4, -5, -7, 7, 3, -1, 1, 6, -6, -3, -7, 7, 3, -1, 1, 6, -6, -3, -7, 10, 6, -2, -2, -2, -1, -2, -5, 10, -2, -1, -5, 10, -2, -2, -1]",9,4.031578947368421,-2,3.619365900022275,"{-7.0: 0.08421052631578947, -6.0: 0.042105263157894736, -5.0: 0.08421052631578947, -4.0: 0.021052631578947368, -3.0: 0.06315789473684211, -2.0: 0.14736842105263157, -1.0: 0.14736842105263157, 1.0: 0.08421052631578947, 3.0: 0.07368421052631578, 4.0: 0.021052631578947368, 5.0: 0.042105263157894736, 6.0: 0.06315789473684211, 7.0: 0.06315789473684211, 10.0: 0.06315789473684211}",-0.17894736842105263,0.983858648046141,8.790697674418604,1.0,"{'-7.00--6.00': 8, '-6.00--5.00': 4, '-5.00--4.00': 8, '-4.00--3.00': 2, '-3.00--2.00': 6, '-2.00--1.00': 14, '-1.00-0.00': 14, '0.00-1.00': 0, '1.00-2.00': 8, '2.00-3.00': 0, '3.00-4.00': 7, '4.00-5.00': 2, '5.00-6.00': 4, '6.00-7.00': 6, '7.00-8.00': 6, '8.00-9.00': 0, '9.00-10.00': 6}",0.0,0.21052631578947367,2,0.14736842105263157,4.977684577190483,0.42871983162032845,4.7936507936507935,1,27.417624521072792,31.376813079646077,1.0,eeea,100,1.7763568394002505e-15,0.15000000000000036,0.15,5.403359648043089e-16,8,14.399999999999999,6.666666666666667,2.0603355778292904,96,0.15,5.233968621320159e-16,1.0,5.715383419932526e-15,0.010638297872340425,0.750810637812506,1.7763568394002505e-15,{'0.15-0.15': 55},{'0.15-0.15': 55},0.7407338894173702,1.0069608798552137,0.07856509029814605,4.584962500721156,7,0,1.290600806314181e-140,6,6,0.0625,0.0625,"{'0.24-0.28': 0, '0.28-0.32': 0, '0.32-0.37': 0, '0.37-0.41': 0, '0.41-0.45': 0, '0.45-0.49': 0, '0.49-0.53': 0, '0.53-0.57': 0, '0.57-0.62': 0, '0.62-0.66': 0, '0.66-0.70': 0, '0.70-0.74': 0, '0.74-0.78': 1, '0.78-0.82': 0, '0.82-0.87': 0, '0.87-0.91': 0, '0.91-0.95': 0, '0.95-0.99': 0, '0.99-1.03': 0, '1.03-1.07': 0, '1.07-1.12': 0, '1.12-1.16': 0, '1.16-1.20': 0, '1.20-1.24': 0}",1.0,5.0,0.0,0.0,1.0,0.3894736842105263,0.23157894736842105,0.0,0.0,0.37894736842105264,66.35825014203392,0.008437626816005194,0.5601851851851852,798.1854459469181,5.13106268114814,0.20833333333333334,0.35091093110712746,0.2751755349694631,0.002369629377929438,0.033102846687603035,8.998754769495703,0.6931471805599453,4.038247221850342,4.6636434
4,allemande_second_fragment.midi,21,4.905440086790764,3.8839926989961753,"{0.0: 0.08547008547008547, 1.0: 0.008547008547008548, 2.0: 0.05128205128205129, 3.0: 0.05982905982905984, 4.0: 0.23076923076923078, 5.0: 0.025641025641025644, 6.0: 0.17948717948717952, 7.0: 0.10256410256410257, 8.0: 0.025641025641025644, 9.0: 0.13675213675213677, 10.0: 0.017094017094017096, 11.0: 0.07692307692307693}","{'63.00-64.11': 2, '64.11-65.21': 0, '65.21-66.32': 4, '66.32-67.42': 3, '67.42-68.53': 1, '68.53-69.63': 9, '69.63-70.74': 2, '70.74-71.84': 5, '71.84-72.95': 7, '72.95-74.05': 7, '74.05-75.16': 5, '75.16-76.26': 16, '76.26-77.37': 3, '77.37-78.47': 14, '78.47-79.58': 9, '79.58-80.68': 2, '80.68-81.79': 7, '81.79-82.89': 0, '82.89-84.00': 7}",75.06796116504854,76,19,0.8155339805825242,1,"{0: 10.0, 7: 12.0, 2: 6.0, 9: 16.0, 4: 16.0, 11: 9.0, 6: 18.0, 1: 1.0, 8: 3.0, 3: 7.0, 10: 2.0, 5: 3.0}",-1.2167832167832167,0.0,3.452052529534663,"[5, -1, 1, 3, -3, -3, -3, -4, 4, 3, 5, -2, -2, -1, 1, -1, -2, 3, -10, 7, 3, 5, -6, -2, -2, 4, -11, 7, 4, 5, -7, -2, -2, 4, -10, 10, 2, 3, -6, -4, 1, -3, -6, 9, -1, -2, -2, 9, 1, -3, -6, 9, -1, -2, -5, 9, 1, -3, -6, 9, -1, -2, -1, 8, -3, -6, -1, 8, -3, -6, -1, 8, -3, -6, -1, 8, -2, -6, -2, 9, -4, -3, -3, 6, -3, -3, -3, 3, 3, 3, -1, 10, -2, -1, 1, -1, -2, 7, 1, -6, -2, 0]",11,3.9607843137254903,-2,3.7773371002404037,"{-11.0: 0.009523809523809525, -10.0: 0.01904761904761905, -7.0: 0.009523809523809525, -6.0: 0.09523809523809525, -5.0: 0.009523809523809525, -4.0: 0.028571428571428574, -3.0: 0.13333333333333336, -2.0: 0.18095238095238098, -1.0: 0.12380952380952381, 0.0: 0.009523809523809525, 1.0: 0.06666666666666668, 2.0: 0.009523809523809525, 3.0: 0.0761904761904762, 4.0: 0.0380952380952381, 5.0: 0.0380952380952381, 6.0: 0.009523809523809525, 7.0: 0.028571428571428574, 8.0: 0.0380952380952381, 9.0: 0.05714285714285715, 10.0: 0.01904761904761905}",-0.20588235294117646,0.9735545876728112,7.764705882352941,1.0,"{'-11.00--10.00': 1, '-10.00--9.00': 2, '-9.00--8.00': 0, '-8.00--7.00': 0, '-7.00--6.00': 1, '-6.00--5.00': 10, '-5.00--4.00': 1, '-4.00--3.00': 3, '-3.00--2.00': 14, '-2.00--1.00': 16, '-1.00-0.00': 13, '0.00-1.00': 1, '1.00-2.00': 7, '2.00-3.00': 1, '3.00-4.00': 8, '4.00-5.00': 4, '5.00-6.00': 4, '6.00-7.00': 1, '7.00-8.00': 3, '8.00-9.00': 4, '9.00-10.00': 8}",0.0,0.18627450980392157,4,0.1568627450980392,4.791527964478033,-0.17078929371531368,4.380952380952381,1,27.469534050179195,31.83934460157497,1.0,eaea,100,1.1250000000000018,0.15000000000000036,0.1616504854368932,0.1074763201499207,12,16.650000000000002,6.186186186186186,2.260130590308086,103,0.1514705882352941,0.031471962586812716,1.0181518151815179,0.23675124005889017,-0.009900990099009901,0.7642384354615015,0.375,"{'0.07-0.11': 2, '0.11-0.14': 0, '0.14-0.18': 99, '0.18-0.21': 0, '0.21-0.25': 0, '0.25-0.28': 0, '0.28-0.31': 0, '0.31-0.35': 0, '0.35-0.38': 0, '0.38-0.42': 0, '0.42-0.45': 1}","{'0.07-0.17': 101, '0.17-0.26': 0, '0.26-0.36': 0, '0.36-0.45': 1, '0.45-0.54': 0, '0.54-0.64': 0, '0.64-0.73': 0, '0.73-0.83': 0, '0.83-0.92': 0, '0.92-1.01': 0, '1.01-1.11': 0, '1.11-1.20': 1}",0.6627953780434298,1.384187304613884,0.08840482971484885,4.584962500721156,4,0,7.35059411813562e-230,3,8,0.07766990291262135,0.02912621359223301,"{'0.16-0.20': 0, '0.20-0.25': 0, '0.25-0.29': 0, '0.29-0.33': 0, '0.33-0.37': 0, '0.37-0.41': 0, '0.41-0.45': 0, '0.45-0.50': 0, '0.50-0.54': 0, '0.54-0.58': 0, '0.58-0.62': 0, '0.62-0.66': 0, '0.66-0.70': 1, '0.70-0.75': 0, '0.75-0.79': 0, '0.79-0.83': 0, '0.83-0.87': 0, '0.87-0.91': 0, '0.91-0.95': 0, '0.95-1.00': 0, '1.00-1.04': 0, '1.04-1.08': 0, '1.08-1.12': 0, '1.12-1.16': 0}",0.0,6.0,1.0,0.0,1.0,0.38235294117647056,0.19607843137254902,0.0,0.00980392156862745,0.3627450980392157,47.4174333420312,0.006416785210250022,0.05527638190954774,3854.5197138337194,5.65811903859805,0.8341708542713567,0.3952820502158192,0.3181626220145458,0.0023016339650444367,0.017839782316097175,8.998754769495703,0.6931471805599453,3.779992616286026,6.2803125
5,allemande_third_fragment.midi,20,4.728223107045605,3.8422077028152177,"{0.0: 0.07500000000000001, 1.0: 0.025, 2.0: 0.037500000000000006, 3.0: 0.1, 4.0: 0.2, 5.0: 0.037500000000000006, 6.0: 0.037500000000000006, 7.0: 0.1375, 8.0: 0.05, 9.0: 0.125, 10.0: 0.0125, 11.0: 0.1625}","{'63.00-64.00': 2, '64.00-65.00': 2, '65.00-66.00': 1, '66.00-67.00': 2, '67.00-68.00': 6, '68.00-69.00': 3, '69.00-70.00': 7, '70.00-71.00': 0, '71.00-72.00': 12, '72.00-73.00': 6, '73.00-74.00': 2, '74.00-75.00': 3, '75.00-76.00': 6, '76.00-77.00': 14, '77.00-78.00': 2, '78.00-79.00': 1, '79.00-80.00': 5, '80.00-81.00': 1, '81.00-82.00': 3, '82.00-83.00': 2}",72.7625,76,20,0.75,1,"{0: 6.0, 7: 11.0, 2: 3.0, 9: 10.0, 4: 16.0, 11: 13.0, 6: 3.0, 1: 2.0, 8: 4.0, 3: 8.0, 10: 1.0, 5: 3.0}",-1.2167832167832167,0.0,3.452052529534663,"[5, -1, 1, 3, -3, -5, -5, 5, 5, -1, 1, 3, -3, -5, -7, 3, 4, 1, -9, 9, -1, -2, -2, 4, 4, 1, -5, -2, -2, -1, -2, 3, 4, 1, -9, 9, -1, -2, -2, 4, 4, 1, -5, 10, -2, -1, -2, 3, -4, 1, 7, -3, -6, 2, -4, 9, -6, 1, -8, 9, -1, -2, -5, 3, -4, 1, 7, -3, -6, 2, -4, 9, -6, 1, 4, 9, -1, -2, -2]",9,3.7974683544303796,-2,3.757267736441976,"{-9.0: 0.02531645569620253, -8.0: 0.012658227848101266, -7.0: 0.012658227848101266, -6.0: 0.05063291139240506, -5.0: 0.0759493670886076, -4.0: 0.05063291139240506, -3.0: 0.05063291139240506, -2.0: 0.1518987341772152, -1.0: 0.10126582278481013, 1.0: 0.12658227848101267, 2.0: 0.02531645569620253, 3.0: 0.0759493670886076, 4.0: 0.08860759493670886, 5.0: 0.0379746835443038, 7.0: 0.02531645569620253, 9.0: 0.0759493670886076, 10.0: 0.012658227848101266}",-0.06329113924050633,0.9979951060469379,6.8604651162790695,3.0,"{'-9.00--8.00': 2, '-8.00--7.00': 1, '-7.00--6.00': 1, '-6.00--5.00': 4, '-5.00--4.00': 6, '-4.00--3.00': 4, '-3.00--2.00': 4, '-2.00--1.00': 12, '-1.00-0.00': 8, '0.00-1.00': 0, '1.00-2.00': 10, '2.00-3.00': 2, '3.00-4.00': 6, '4.00-5.00': 7, '5.00-6.00': 3, '6.00-7.00': 0, '7.00-8.00': 2, '8.00-9.00': 0, '9.00-10.00': 7}",0.0,0.16455696202531644,3,0.1518987341772152,4.716550604984007,0.1735042715338687,3.873015873015873,1,25.100358422939067,29.29784950223929,1.0,eaea,100,1.7763568394002505e-15,0.15000000000000036,0.15,4.802496647475075e-16,8,12.0,6.666666666666667,2.148193613496952,80,0.15,4.815716145458429e-16,1.0,5.349004794477978e-15,0.01282051282051282,0.7761441470597596,1.7763568394002505e-15,{'0.15-0.15': 42},{'0.15-0.15': 43},0.8817502663897118,1.3618640873454866,0.11739527772289778,4.584962500721156,4,0,8.496028907745084e-150,2,5,0.0625,0.025,"{'0.38-0.42': 0, '0.42-0.47': 0, '0.47-0.51': 0, '0.51-0.55': 0, '0.55-0.59': 0, '0.59-0.63': 0, '0.63-0.67': 0, '0.67-0.72': 0, '0.72-0.76': 0, '0.76-0.80': 0, '0.80-0.84': 0, '0.84-0.88': 0, '0.88-0.92': 1, '0.92-0.97': 0, '0.97-1.01': 0, '1.01-1.05': 0, '1.05-1.09': 0, '1.09-1.13': 0, '1.13-1.17': 0, '1.17-1.22': 0, '1.22-1.26': 0, '1.26-1.30': 0, '1.30-1.34': 0, '1.34-1.38': 0}",1.0,4.0,0.0,0.0,1.0,0.31645569620253167,0.22784810126582278,0.0,0.0,0.4050632911392405,55.059544999311754,0.0076846037374039425,0.34220532319391633,1452.1983831044354,5.308775422929273,0.5779467680608364,0.3614443739598821,0.2911895625758364,0.0024943663607809785,0.026762698497817598,8.998754769495703,0.6931471805599453,3.8615057970372053,5.867586
6,density_fifth_fragment.midi,36,14.547701992765779,2.7835815208981485,"{1.0: 0.09363295880149813, 2.0: 0.33707865168539325, 4.0: 0.0149812734082397, 5.0: 0.04119850187265918, 6.0: 0.04868913857677903, 7.0: 0.1797752808988764, 8.0: 0.0599250936329588, 9.0: 0.0299625468164794, 10.0: 0.0449438202247191, 11.0: 0.149812734082397}","{'62.00-65.27': 5, '65.27-68.55': 11, '68.55-71.82': 1, '71.82-75.09': 0, '75.09-78.36': 1, '78.36-81.64': 0, '81.64-84.91': 2, '84.91-88.18': 1, '88.18-91.45': 0, '91.45-94.73': 0, '94.73-98.00': 25}",84.19565217391305,98,11,0.7608695652173914,1,"{7: 6.0, 2: 17.0, 9: 1.0, 4: 1.0, 11: 9.0, 6: 4.0, 1: 1.0, 8: 1.0, 10: 2.0, 5: 4.0}",-1.1048951048951048,-0.23724404498083382,3.163858403911275,"[-1, 2, 0, 0, -1, -1, 2, -2, 1, 1, -1, -1, 2, -5, 6, 1, 7, 6, 0, 3, 13, -3, 0, 3, 0, 0, -3, 3, 0, -3, 3, -3, 0, 0, 3, 0, -3, 3, 0, 0, -3, 3, 0, 0, 0]",13,2.0444444444444443,0,2.8944301214047488,"{-5.0: 0.0076045627376425855, -3.0: 0.09885931558935361, -2.0: 0.019011406844106463, -1.0: 0.07604562737642585, 0.0: 0.40304182509505704, 1.0: 0.09885931558935361, 2.0: 0.022813688212927757, 3.0: 0.12547528517110265, 6.0: 0.022813688212927757, 7.0: 0.030418250950570342, 13.0: 0.09505703422053231}",0.08888888888888889,0.8116436607888744,4.238095238095238,3.0,"{'-5.00--4.00': 1, '-4.00--3.00': 0, '-3.00--2.00': 6, '-2.00--1.00': 1, '-1.00-0.00': 5, '0.00-1.00': 15, '1.00-2.00': 3, '2.00-3.00': 3, '3.00-4.00': 7, '4.00-5.00': 0, '5.00-6.00': 0, '6.00-7.00': 2, '7.00-8.00': 1, '8.00-9.00': 0, '9.00-10.00': 0, '10.00-11.00': 0, '11.00-12.00': 0, '12.00-13.00': 1}",0.022222222222222223,0.044444444444444446,4,0.3333333333333333,13.981991766196975,0.9173359838987067,1.2380952380952381,1,3.2308326391118523,4.008469079867078,1.0,babc,100,2.360416666666671,0.27708333333333357,0.6204710144927535,0.5087595668536904,24,31.25,1.472,4.306732207121424,46,0.6851851851851851,0.6285599190229412,1.4376598994332772,1.2905601225602334,0.0,0.9293203772845852,2.7083333333333335,"{'0.21-0.33': 14, '0.33-0.44': 9, '0.44-0.56': 8, '0.56-0.68': 0, '0.68-0.80': 0, '0.80-0.91': 8, '0.91-1.03': 0, '1.03-1.15': 0, '1.15-1.27': 2, '1.27-1.39': 0, '1.39-1.50': 0, '1.50-1.62': 0, '1.62-1.74': 1, '1.74-1.86': 0, '1.86-1.97': 0, '1.97-2.09': 0, '2.09-2.21': 0, '2.21-2.33': 0, '2.33-2.45': 0, '2.45-2.56': 1, '2.56-2.68': 0, '2.68-2.80': 1, '2.80-2.92': 1}","{'0.14-0.24': 6, '0.24-0.34': 9, '0.34-0.43': 9, '0.43-0.53': 0, '0.53-0.63': 8, '0.63-0.73': 0, '0.73-0.83': 0, '0.83-0.93': 9, '0.93-1.02': 0, '1.02-1.12': 0, '1.12-1.22': 0, '1.22-1.32': 2, '1.32-1.42': 0, '1.42-1.52': 0, '1.52-1.61': 0, '1.61-1.71': 1, '1.71-1.81': 0, '1.81-1.91': 0, '1.91-2.01': 0, '2.01-2.11': 0, '2.11-2.20': 0, '2.20-2.30': 0, '2.30-2.40': 0, '2.40-2.50': 2}",0.7651113364170427,1.0795650389119604,0.132760271526774,4.584962500721156,11,0,1.799806803264698e-128,0,3,0.06521739130434782,0.0,"{'0.27-0.31': 0, '0.31-0.35': 0, '0.35-0.39': 0, '0.39-0.43': 0, '0.43-0.47': 0, '0.47-0.52': 0, '0.52-0.56': 0, '0.56-0.60': 0, '0.60-0.64': 0, '0.64-0.68': 0, '0.68-0.72': 0, '0.72-0.77': 0, '0.77-0.81': 1, '0.81-0.85': 0, '0.85-0.89': 0, '0.89-0.93': 0, '0.93-0.97': 0, '0.97-1.02': 0, '1.02-1.06': 0, '1.06-1.10': 0, '1.10-1.14': 0, '1.14-1.18': 0, '1.18-1.22': 0, '1.22-1.27': 0}",0.0,6.0,0.0,0.0,1.0,0.6444444444444445,0.17777777777777778,0.043478260869565216,0.3333333333333333,0.26666666666666666,25.111973163921217,0.0068402016453964504,0.05154639175257732,5279.145179206141,5.165447612043675,0.8969072164948454,0.5462778138474389,0.45020625053783947,0.0023920254806477814,0.032415674290304446,8.998754769495703,0.6931471805599453,4.425195245664839,4.2045774
7,density_first_fragment.midi,27,6.071713159565554,3.6612290274013457,"{0.0: 0.07263922518159807, 1.0: 0.15980629539951574, 2.0: 0.12348668280871672, 3.0: 0.004842615012106538, 4.0: 0.12832929782082325, 5.0: 0.009685230024213076, 6.0: 0.12106537530266344, 7.0: 0.16707021791767554, 8.0: 0.012106537530266345, 9.0: 0.06053268765133172, 10.0: 0.14043583535108958}","{'61.00-62.69': 5, '62.69-64.38': 5, '64.38-66.06': 11, '66.06-67.75': 10, '67.75-69.44': 5, '69.44-71.12': 5, '71.12-72.81': 7, '72.81-74.50': 13, '74.50-76.19': 0, '76.19-77.88': 0, '77.88-79.56': 0, '79.56-81.25': 3, '81.25-82.94': 1, '82.94-84.62': 0, '84.62-86.31': 0, '86.31-88.00': 3}",69.95588235294117,67,16,0.7647058823529411,1,"{0: 7.0, 7: 10.0, 2: 5.0, 9: 5.0, 4: 7.0, 6: 9.0, 1: 13.0, 8: 3.0, 3: 1.0, 10: 6.0, 5: 2.0}",-1.22,0.0,3.1622776601683795,"[-1, 2, 0, 0, -5, 5, -5, 6, 0, -2, -1, 2, 0, 1, 0, -6, 6, -1, 1, -1, 0, -2, 0, -3, 6, -6, 6, 2, 0, 1, 0, 0, -3, 3, -3, 3, 2, 1, -1, 1, 0, 0, -1, 1, 0, -1, 1, -1, 0, 1, -1, 2, 0, 6, -6, -6, 6, 6, -17, 6, 5, 7, -12, 13, 6, 0, 0]",17,2.8805970149253732,0,3.336088499356016,"{-17.0: 0.0024449877750611247, -12.0: 0.009779951100244499, -6.0: 0.04156479217603912, -5.0: 0.007334963325183374, -3.0: 0.03667481662591687, -2.0: 0.0488997555012225, -1.0: 0.07334963325183375, 0.0: 0.44987775061124696, 1.0: 0.09046454767726161, 2.0: 0.05623471882640587, 3.0: 0.022004889975550123, 5.0: 0.019559902200488997, 6.0: 0.10268948655256724, 7.0: 0.029339853300733496, 13.0: 0.009779951100244499}",0.08955223880597014,0.8592142068432391,4.9714285714285715,1.0,"{'-17.00--16.00': 1, '-16.00--15.00': 0, '-15.00--14.00': 0, '-14.00--13.00': 0, '-13.00--12.00': 0, '-12.00--11.00': 1, '-11.00--10.00': 0, '-10.00--9.00': 0, '-9.00--8.00': 0, '-8.00--7.00': 0, '-7.00--6.00': 0, '-6.00--5.00': 4, '-5.00--4.00': 2, '-4.00--3.00': 0, '-3.00--2.00': 3, '-2.00--1.00': 2, '-1.00-0.00': 9, '0.00-1.00': 17, '1.00-2.00': 8, '2.00-3.00': 5, '3.00-4.00': 2, '4.00-5.00': 0, '5.00-6.00': 2, '6.00-7.00': 9, '7.00-8.00': 1, '8.00-9.00': 0, '9.00-10.00': 0, '10.00-11.00': 0, '11.00-12.00': 0, '12.00-13.00': 1}",0.029850746268656716,0.05970149253731343,4,0.2537313432835821,6.2142532422950865,0.8144230258097295,1.380952380952381,1,4.350374308073156,8.507985410250667,1.0,bbce,100,2.361458333333333,0.4166666666666643,0.6484834558823528,0.5395885213496762,35,45.416666666666664,1.4972477064220184,4.844764407955959,68,0.6716417910447762,0.5739554078696608,1.5395683543611918,1.4698104181684666,0.06060606060606061,0.9515344526125807,2.361458333333333,"{'0.14-0.20': 4, '0.20-0.27': 7, '0.27-0.33': 10, '0.33-0.39': 0, '0.39-0.46': 14, '0.46-0.52': 0, '0.52-0.59': 12, '0.59-0.65': 1, '0.65-0.71': 0, '0.71-0.78': 0, '0.78-0.84': 6, '0.84-0.90': 0, '0.90-0.97': 0, '0.97-1.03': 0, '1.03-1.10': 0, '1.10-1.16': 0, '1.16-1.22': 0, '1.22-1.29': 5, '1.29-1.35': 0, '1.35-1.42': 0, '1.42-1.48': 0, '1.48-1.54': 0, '1.54-1.61': 0, '1.61-1.67': 5, '1.67-1.73': 0, '1.73-1.80': 0, '1.80-1.86': 0, '1.86-1.93': 0, '1.93-1.99': 0, '1.99-2.05': 0, '2.05-2.12': 0, '2.12-2.18': 0, '2.18-2.24': 0, '2.24-2.31': 0, '2.31-2.37': 0, '2.37-2.44': 0, '2.44-2.50': 3}","{'0.14-0.21': 4, '0.21-0.27': 7, '0.27-0.34': 10, '0.34-0.41': 0, '0.41-0.48': 16, '0.48-0.54': 0, '0.54-0.61': 13, '0.61-0.68': 0, '0.68-0.75': 0, '0.75-0.81': 0, '0.81-0.88': 5, '0.88-0.95': 0, '0.95-1.02': 0, '1.02-1.08': 0, '1.08-1.15': 0, '1.15-1.22': 0, '1.22-1.29': 5, '1.29-1.35': 0, '1.35-1.42': 0, '1.42-1.49': 0, '1.49-1.56': 0, '1.56-1.62': 0, '1.62-1.69': 6, '1.69-1.76': 0, '1.76-1.83': 0, '1.83-1.89': 0, '1.89-1.96': 0, '1.96-2.03': 0, '2.03-2.10': 0, '2.10-2.16': 0, '2.16-2.23': 0, '2.23-2.30': 0, '2.30-2.37': 0, '2.37-2.43': 0, '2.43-2.50': 2}",0.38208049433830954,1.1854479124442643,0.08398193504682916,4.584962500721156,1,0,1.527654818122009e-136,3,2,0.029411764705882353,0.04411764705882353,"{'-0.12--0.08': 0, '-0.08--0.03': 0, '-0.03-0.01': 0, '0.01-0.05': 0, '0.05-0.09': 0, '0.09-0.13': 0, '0.13-0.17': 0, '0.17-0.22': 0, '0.22-0.26': 0, '0.26-0.30': 0, '0.30-0.34': 0, '0.34-0.38': 0, '0.38-0.42': 1, '0.42-0.47': 0, '0.47-0.51': 0, '0.51-0.55': 0, '0.55-0.59': 0, '0.59-0.63': 0, '0.63-0.67': 0, '0.67-0.72': 0, '0.72-0.76': 0, '0.76-0.80': 0, '0.80-0.84': 0, '0.84-0.88': 0}",0.0,6.0,0.0,0.0,1.0,0.3582089552238806,0.2537313432835821,0.07352941176470588,0.2537313432835821,0.3582089552238806,18.795520400971103,0.004829404547471741,0.041811846689895474,6688.24812327276,5.54789623257934,0.9128919860627178,0.36752214102192116,0.28946301830559296,0.0015939419191046192,0.02298995335466805,8.998754769495703,0.6931471805599453,4.410590569258134,6.0758305
8,density_fourth_fragment.midi,22,7.685848535518324,2.758370215085112,"{0.0: 0.0891089108910891, 1.0: 0.0627062706270627, 2.0: 0.06930693069306931, 3.0: 0.2706270627062706, 6.0: 0.1485148514851485, 9.0: 0.2079207920792079, 11.0: 0.15181518151815182}","{'71.00-73.75': 5, '73.75-76.50': 15, '76.50-79.25': 0, '79.25-82.00': 0, '82.00-84.75': 12, '84.75-87.50': 0, '87.50-90.25': 11, '90.25-93.00': 10}",83.05660377358491,90,8,0.8490566037735849,1,"{0: 3.0, 2: 5.0, 9: 10.0, 11: 10.0, 6: 11.0, 1: 4.0, 3: 10.0}",-1.2800365230094966,0.6104012279253467,3.8861344310672696,"[7, 3, -3, -7, 10, -10, 7, 3, -10, 7, 3, -3, -7, 10, -10, 7, 0, 3, -3, 3, -3, 3, -3, 3, 0, -3, -7, 0, 0, 1, 0, -9, 9, -9, 0, 0, 0, -1, 1, -2, 2, -1, -1, 2, -2, 1, 0, 0, 1, -2, 2, -4]",10,3.6153846153846154,0,3.543613219709916,"{-10.0: 0.1442953020134228, -9.0: 0.08389261744966443, -7.0: 0.050335570469798654, -4.0: 0.020134228187919462, -3.0: 0.05704697986577181, -2.0: 0.053691275167785234, -1.0: 0.03691275167785235, 0.0: 0.2046979865771812, 1.0: 0.050335570469798654, 2.0: 0.053691275167785234, 3.0: 0.09060402684563758, 7.0: 0.02348993288590604, 9.0: 0.10067114093959731, 10.0: 0.030201342281879193}",0.0,0.8987170342729172,5.935483870967742,3.0,"{'-10.00--9.00': 3, '-9.00--8.00': 2, '-8.00--7.00': 0, '-7.00--6.00': 3, '-6.00--5.00': 0, '-5.00--4.00': 0, '-4.00--3.00': 1, '-3.00--2.00': 6, '-2.00--1.00': 3, '-1.00-0.00': 3, '0.00-1.00': 10, '1.00-2.00': 4, '2.00-3.00': 3, '3.00-4.00': 7, '4.00-5.00': 0, '5.00-6.00': 0, '6.00-7.00': 0, '7.00-8.00': 4, '8.00-9.00': 0, '9.00-10.00': 3}",0.0,0.28846153846153844,3,0.19230769230769232,7.464433899332219,-0.843742356068118,2.3174603174603177,-1,5.662259277399382,8.45956465502577,1.0,eeba,100,3.6937499999999996,0.5,0.5990369496855346,0.6416659280125402,22,33.833333333333336,1.566502463054187,3.654463091208058,53,0.6410256410256411,0.655681738914022,1.54759931331248,2.0906269924278775,0.0784313725490196,0.9040895594822357,3.6937499999999996,"{'0.14-0.29': 8, '0.29-0.45': 15, '0.45-0.60': 15, '0.60-0.76': 6, '0.76-0.91': 1, '0.91-1.06': 2, '1.06-1.22': 0, '1.22-1.37': 0, '1.37-1.52': 2, '1.52-1.68': 0, '1.68-1.83': 0, '1.83-1.99': 0, '1.99-2.14': 1, '2.14-2.29': 0, '2.29-2.45': 0, '2.45-2.60': 0, '2.60-2.76': 0, '2.76-2.91': 0, '2.91-3.06': 1, '3.06-3.22': 0, '3.22-3.37': 0, '3.37-3.53': 0, '3.53-3.68': 0, '3.68-3.83': 1}","{'0.14-0.31': 10, '0.31-0.48': 15, '0.48-0.64': 17, '0.64-0.81': 5, '0.81-0.98': 0, '0.98-1.15': 2, '1.15-1.31': 0, '1.31-1.48': 0, '1.48-1.65': 1, '1.65-1.82': 0, '1.82-1.99': 0, '1.99-2.15': 1, '2.15-2.32': 0, '2.32-2.49': 0, '2.49-2.66': 0, '2.66-2.83': 0, '2.83-2.99': 0, '2.99-3.16': 1, '3.16-3.33': 0, '3.33-3.50': 0, '3.50-3.67': 0, '3.67-3.83': 1}",0.5775088102252185,1.1120113877222897,0.09563356542545955,4.584962500721156,6,0,3.7637338579692834e-156,2,3,0.05660377358490566,0.03773584905660377,"{'0.08-0.12': 0, '0.12-0.16': 0, '0.16-0.20': 0, '0.20-0.24': 0, '0.24-0.29': 0, '0.29-0.33': 0, '0.33-0.37': 0, '0.37-0.41': 0, '0.41-0.45': 0, '0.45-0.49': 0, '0.49-0.54': 0, '0.54-0.58': 0, '0.58-0.62': 1, '0.62-0.66': 0, '0.66-0.70': 0, '0.70-0.74': 0, '0.74-0.79': 0, '0.79-0.83': 0, '0.83-0.87': 0, '0.87-0.91': 0, '0.91-0.95': 0, '0.95-0.99': 0, '0.99-1.04': 0, '1.04-1.08': 0}",0.0,2.0,1.0,1.0,1.0,0.6923076923076923,0.1346153846153846,0.018867924528301886,0.19230769230769232,0.25,19.013116481031847,0.0054855410387841886,0.09482758620689655,4214.326236717926,5.355707260168472,0.8663793103448276,0.31388572346256544,0.2502289781048622,0.0022276706228999132,0.026048411662225726,8.998754769495703,0.6931471805599453,4.726204652377299,5.8592124
9,density_second_fragment.midi,26,6.036375951036239,3.3593068634976575,"{0.0: 0.043478260869565216, 1.0: 0.03162055335968379, 2.0: 0.07905138339920947, 3.0: 0.03952569169960474, 4.0: 0.043478260869565216, 5.0: 0.10276679841897232, 6.0: 0.04743083003952569, 7.0: 0.13043478260869565, 8.0: 0.03162055335968379, 9.0: 0.07905138339920947, 10.0: 0.08695652173913043, 11.0: 0.2845849802371541}","{'65.00-66.86': 2, '66.86-68.71': 1, '68.71-70.57': 8, '70.57-72.43': 11, '72.43-74.29': 0, '74.29-76.14': 7, '76.14-78.00': 4, '78.00-79.86': 1, '79.86-81.71': 0, '81.71-83.57': 0, '83.57-85.43': 4, '85.43-87.29': 2, '87.29-89.14': 0, '89.14-91.00': 1}",74.41463414634147,71,14,0.6585365853658536,0,"{0: 3.0, 7: 1.0, 2: 2.0, 9: 3.0, 4: 3.0, 11: 11.0, 6: 2.0, 1: 1.0, 8: 1.0, 3: 4.0, 10: 5.0, 5: 5.0}",-1.2167832167832167,0.0,3.452052529534663,"[-1, 2, 0, 0, -2, 2, -2, 0, 1, 0, 2, -13, 1, 25, -20, 0, -1, 1, 0, 0, -2, 2, -3, 3, 0, 14, -1, 2, 0, -15, -1, 1, -2, 1, 1, -2, 1, 0, 14, 0]",25,3.45,0,3.0488152646801843,"{-20.0: 0.13147410358565736, -15.0: 0.01593625498007968, -13.0: 0.01593625498007968, -3.0: 0.01593625498007968, -2.0: 0.09163346613545817, -1.0: 0.06772908366533864, 0.0: 0.28685258964143423, 1.0: 0.12749003984063745, 2.0: 0.08764940239043825, 3.0: 0.03187250996015936, 14.0: 0.09561752988047809, 25.0: 0.03187250996015936}",0.075,0.8481597726843687,5.857142857142857,1.0,"{'-20.00--19.00': 1, '-19.00--18.00': 0, '-18.00--17.00': 0, '-17.00--16.00': 0, '-16.00--15.00': 0, '-15.00--14.00': 1, '-14.00--13.00': 0, '-13.00--12.00': 1, '-12.00--11.00': 0, '-11.00--10.00': 0, '-10.00--9.00': 0, '-9.00--8.00': 0, '-8.00--7.00': 0, '-7.00--6.00': 0, '-6.00--5.00': 0, '-5.00--4.00': 0, '-4.00--3.00': 0, '-3.00--2.00': 1, '-2.00--1.00': 5, '-1.00-0.00': 4, '0.00-1.00': 11, '1.00-2.00': 7, '2.00-3.00': 5, '3.00-4.00': 1, '4.00-5.00': 0, '5.00-6.00': 0, '6.00-7.00': 0, '7.00-8.00': 0, '8.00-9.00': 0, '9.00-10.00': 0, '10.00-11.00': 0, '11.00-12.00': 0, '12.00-13.00': 0, '13.00-14.00': 0, '14.00-15.00': 2, '15.00-16.00': 0, '16.00-17.00': 0, '17.00-18.00': 0, '18.00-19.00': 0, '19.00-20.00': 0, '20.00-21.00': 0, '21.00-22.00': 0, '22.00-23.00': 0, '23.00-24.00': 0, '24.00-25.00': 1}",0.15,0.15,5,0.275,7.984787782871878,-0.16673433660981032,1.9365079365079365,1,5.033040328879665,6.785996419346942,1.0,bbde,100,3.1937499999999988,0.8333333333333321,0.653734756097561,0.5679398571126126,26,28.055208333333333,1.461404225299818,4.503416638553354,41,0.6944531250000001,0.5713784457913048,1.286251914146391,0.9136635980216914,0.05128205128205128,0.9857632198328761,3.125000000000001,"{'0.21-0.32': 9, '0.32-0.43': 11, '0.43-0.54': 0, '0.54-0.65': 4, '0.65-0.77': 0, '0.77-0.88': 11, '0.88-0.99': 0, '0.99-1.10': 0, '1.10-1.21': 0, '1.21-1.32': 1, '1.32-1.44': 0, '1.44-1.55': 0, '1.55-1.66': 0, '1.66-1.77': 3, '1.77-1.88': 0, '1.88-1.99': 0, '1.99-2.11': 0, '2.11-2.22': 0, '2.22-2.33': 0, '2.33-2.44': 0, '2.44-2.55': 0, '2.55-2.66': 0, '2.66-2.78': 0, '2.78-2.89': 0, '2.89-3.00': 0, '3.00-3.11': 0, '3.11-3.22': 0, '3.22-3.33': 1}","{'0.14-0.26': 5, '0.26-0.39': 6, '0.39-0.51': 12, '0.51-0.63': 3, '0.63-0.75': 0, '0.75-0.88': 11, '0.88-1.00': 0, '1.00-1.12': 0, '1.12-1.25': 0, '1.25-1.37': 0, '1.37-1.49': 0, '1.49-1.61': 0, '1.61-1.74': 3, '1.74-1.86': 0, '1.86-1.98': 0, '1.98-2.10': 0, '2.10-2.23': 0, '2.23-2.35': 0, '2.35-2.47': 0, '2.47-2.60': 0, '2.60-2.72': 0, '2.72-2.84': 0, '2.84-2.96': 0, '2.96-3.09': 0, '3.09-3.21': 0, '3.21-3.33': 1}",0.5453028962420822,1.2883976054536488,0.14570521593684285,4.584962500721156,11,0,7.780174908925525e-107,3,3,0.07317073170731707,0.07317073170731707,"{'0.05-0.09': 0, '0.09-0.13': 0, '0.13-0.17': 0, '0.17-0.21': 0, '0.21-0.25': 0, '0.25-0.30': 0, '0.30-0.34': 0, '0.34-0.38': 0, '0.38-0.42': 0, '0.42-0.46': 0, '0.46-0.50': 0, '0.50-0.55': 0, '0.55-0.59': 1, '0.59-0.63': 0, '0.63-0.67': 0, '0.67-0.71': 0, '0.71-0.75': 0, '0.75-0.80': 0, '0.80-0.84': 0, '0.84-0.88': 0, '0.88-0.92': 0, '0.92-0.96': 0, '0.96-1.00': 0, '1.00-1.05': 0}",1.0,6.0,1.0,0.0,1.0,0.35,0.275,0.0,0.275,0.525,17.326303804361277,0.00670775475854558,0.03910614525139665,7302.242911865961,5.1218134901560575,0.9273743016759777,0.5114747255481552,0.4190098156731685,0.002420385784979202,0.033527571899076646,8.998754769495703,0.6931471805599453,4.6904180519580665,5.374937
10,density_sixth_fragment.midi,35,9.216074039961875,3.8634581128974035,"{0.0: 0.07834101382488479, 1.0: 0.08294930875576037, 2.0: 0.1175115207373272, 3.0: 0.02304147465437788, 4.0: 0.1382488479262673, 5.0: 0.0944700460829493, 6.0: 0.11059907834101382, 7.0: 0.07142857142857142, 8.0: 0.07142857142857142, 9.0: 0.059907834101382486, 10.0: 0.059907834101382486, 11.0: 0.09216589861751152}","{'60.00-61.94': 6, '61.94-63.89': 1, '63.89-65.83': 9, '65.83-67.78': 4, '67.78-69.72': 5, '69.72-71.67': 3, '71.67-73.61': 0, '73.61-75.56': 5, '75.56-77.50': 3, '77.50-79.44': 5, '79.44-81.39': 2, '81.39-83.33': 0, '83.33-85.28': 5, '85.28-87.22': 1, '87.22-89.17': 1, '89.17-91.11': 0, '91.11-93.06': 0, '93.06-95.00': 2}",72.28846153846153,64,18,0.6538461538461539,1,"{0: 7.0, 7: 3.0, 2: 6.0, 9: 3.0, 4: 9.0, 11: 2.0, 6: 6.0, 1: 4.0, 8: 4.0, 3: 1.0, 10: 3.0, 5: 4.0}",-1.2167832167832167,0.0,3.452052529534663,"[0, 0, 0, 1, -2, 17, -6, 0, -1, 7, -6, -1, 7, -6, -1, 7, -20, -2, -1, 0, 3, -3, 3, 2, 1, -3, 3, 14, 0, -11, -6, 6, -10, 4, 0, 10, 0, 0, -10, -4, 14, -14, 4, 6, 4, 4, 7, 2, 2, 6, 0]",20,4.7254901960784315,0,3.9178382153957307,"{-20.0: 0.012077294685990338, -14.0: 0.014492753623188404, -11.0: 0.024154589371980676, -10.0: 0.036231884057971016, -6.0: 0.033816425120772944, -4.0: 0.012077294685990338, -3.0: 0.036231884057971016, -2.0: 0.06280193236714976, -1.0: 0.08212560386473429, 0.0: 0.24879227053140096, 1.0: 0.02898550724637681, 2.0: 0.0748792270531401, 3.0: 0.03864734299516908, 4.0: 0.06280193236714976, 6.0: 0.07004830917874395, 7.0: 0.0748792270531401, 10.0: 0.012077294685990338, 14.0: 0.06038647342995169, 17.0: 0.014492753623188404}",0.09803921568627451,0.8912406413618441,9.363636363636363,6.0,"{'-20.00--19.00': 1, '-19.00--18.00': 0, '-18.00--17.00': 0, '-17.00--16.00': 0, '-16.00--15.00': 0, '-15.00--14.00': 0, '-14.00--13.00': 1, '-13.00--12.00': 0, '-12.00--11.00': 0, '-11.00--10.00': 1, '-10.00--9.00': 2, '-9.00--8.00': 0, '-8.00--7.00': 0, '-7.00--6.00': 0, '-6.00--5.00': 4, '-5.00--4.00': 0, '-4.00--3.00': 1, '-3.00--2.00': 2, '-2.00--1.00': 2, '-1.00-0.00': 4, '0.00-1.00': 10, '1.00-2.00': 2, '2.00-3.00': 3, '3.00-4.00': 3, '4.00-5.00': 4, '5.00-6.00': 0, '6.00-7.00': 3, '7.00-8.00': 4, '8.00-9.00': 0, '9.00-10.00': 0, '10.00-11.00': 1, '11.00-12.00': 0, '12.00-13.00': 0, '13.00-14.00': 0, '14.00-15.00': 2, '15.00-16.00': 0, '16.00-17.00': 1}",0.09803921568627451,0.2549019607843137,1,0.19607843137254902,10.309457411007381,0.4770460036317329,3.2222222222222223,1,5.968177988073634,7.446678524834184,1.0,caed,100,1.875,1.0,0.8557692307692307,0.4624279178684983,12,44.5,1.1685393258426966,3.0364377811525456,52,0.8333333333333334,0.43801518064439904,1.3910119047619052,1.4046353970981864,-0.02,0.8829496021857646,1.875,"{'0.12-0.28': 2, '0.28-0.44': 1, '0.44-0.59': 13, '0.59-0.75': 13, '0.75-0.91': 2, '0.91-1.06': 14, '1.06-1.22': 0, '1.22-1.38': 0, '1.38-1.53': 2, '1.53-1.69': 0, '1.69-1.84': 0, '1.84-2.00': 4}","{'0.12-0.28': 2, '0.28-0.44': 1, '0.44-0.59': 13, '0.59-0.75': 13, '0.75-0.91': 2, '0.91-1.06': 14, '1.06-1.22': 0, '1.22-1.38': 0, '1.38-1.53': 2, '1.53-1.69': 0, '1.69-1.84': 0, '1.84-2.00': 5}",0.45933920620353264,1.1515691910222587,0.0894485808066355,4.584962500721156,0,0,1.0380298476680337e-134,2,3,0.057692307692307696,0.038461538461538464,"{'-0.04-0.00': 0, '0.00-0.04': 0, '0.04-0.08': 0, '0.08-0.13': 0, '0.13-0.17': 0, '0.17-0.21': 0, '0.21-0.25': 0, '0.25-0.29': 0, '0.29-0.33': 0, '0.33-0.38': 0, '0.38-0.42': 0, '0.42-0.46': 0, '0.46-0.50': 1, '0.50-0.54': 0, '0.54-0.58': 0, '0.58-0.63': 0, '0.63-0.67': 0, '0.67-0.71': 0, '0.71-0.75': 0, '0.75-0.79': 0, '0.79-0.83': 0, '0.83-0.88': 0, '0.88-0.92': 0, '0.92-0.96': 0}",0.0,6.0,1.0,0.0,0.0,0.5490196078431373,0.11764705882352941,0.019230769230769232,0.19607843137254902,0.21568627450980393,9.258090308462736,0.004671127382906199,0.032520325203252036,10572.793615126626,5.457772132206908,0.9471544715447154,0.4474840063568705,0.3624383278703773,0.0015279250539480796,0.02422075553047742,8.998754769495703,0.6931471805599453,4.513683347504364,6.8909607
11,density_third_fragment.midi,32,9.836189164709603,3.890984207056169,"{1.0: 0.08866995073891626, 2.0: 0.1625615763546798, 3.0: 0.024630541871921183, 4.0: 0.12315270935960591, 5.0: 0.04926108374384237, 6.0: 0.21182266009852216, 7.0: 0.04926108374384237, 8.0: 0.09359605911330049, 9.0: 0.08866995073891626, 10.0: 0.034482758620689655, 11.0: 0.07389162561576355}","{'61.00-62.78': 8, '62.78-64.56': 4, '64.56-66.33': 1, '66.33-68.11': 5, '68.11-69.89': 1, '69.89-71.67': 1, '71.67-73.44': 0, '73.44-75.22': 5, '75.22-77.00': 0, '77.00-78.78': 9, '78.78-80.56': 2, '80.56-82.33': 0, '82.33-84.11': 2, '84.11-85.89': 0, '85.89-87.67': 0, '87.67-89.44': 0, '89.44-91.22': 6, '91.22-93.00': 1}",73.77777777777777,61,18,0.6,1,"{7: 6.0, 2: 6.0, 9: 2.0, 4: 4.0, 11: 2.0, 6: 10.0, 1: 6.0, 8: 4.0, 3: 1.0, 10: 1.0, 5: 3.0}",-1.22,0.0,3.1622776601683795,"[-3, 3, -3, 0, 0, 3, 10, 0, -13, 13, -13, 1, 6, 6, -6, -6, 13, 16, -1, -12, 0, -1, 14, -1, -12, 13, -1, -12, 0, -1, 0, -10, 11, 1, -13, 1, 1, 1, -5, 6, 10, 3, 0, 10]",16,5.795454545454546,0,3.745793200085987,"{-13.0: 0.06914893617021277, -12.0: 0.015957446808510637, -10.0: 0.005319148936170213, -6.0: 0.031914893617021274, -5.0: 0.015957446808510637, -3.0: 0.02127659574468085, -1.0: 0.09574468085106383, 0.0: 0.2127659574468085, 1.0: 0.06914893617021277, 3.0: 0.0851063829787234, 6.0: 0.06382978723404255, 10.0: 0.16489361702127658, 11.0: 0.015957446808510637, 13.0: 0.0797872340425532, 14.0: 0.026595744680851064, 16.0: 0.026595744680851064}",0.06818181818181818,0.9144727063059414,11.894736842105264,1.0,"{'-13.00--12.00': 3, '-12.00--11.00': 3, '-11.00--10.00': 0, '-10.00--9.00': 1, '-9.00--8.00': 0, '-8.00--7.00': 0, '-7.00--6.00': 0, '-6.00--5.00': 2, '-5.00--4.00': 1, '-4.00--3.00': 0, '-3.00--2.00': 2, '-2.00--1.00': 0, '-1.00-0.00': 5, '0.00-1.00': 7, '1.00-2.00': 5, '2.00-3.00': 0, '3.00-4.00': 3, '4.00-5.00': 0, '5.00-6.00': 0, '6.00-7.00': 3, '7.00-8.00': 0, '8.00-9.00': 0, '9.00-10.00': 0, '10.00-11.00': 3, '11.00-12.00': 1, '12.00-13.00': 0, '13.00-14.00': 3, '14.00-15.00': 1, '15.00-16.00': 1}",0.18181818181818182,0.36363636363636365,3,0.1590909090909091,9.389988019161686,0.7156695828913886,3.8253968253968256,1,7.789451398748381,10.463988596540016,1.0,aeae,100,1.854166666666667,0.5,0.4771527777777778,0.3718116387042314,18,33.72291666666667,1.3344041514795824,3.670778942950249,45,0.7323390151515151,0.7067004335704243,2.0246142199249415,2.2447806406435244,0.0,0.8892118276421005,2.854166666666667,"{'0.06-0.19': 9, '0.19-0.31': 4, '0.31-0.43': 8, '0.43-0.56': 7, '0.56-0.68': 0, '0.68-0.81': 2, '0.81-0.93': 0, '0.93-1.06': 5, '1.06-1.18': 1, '1.18-1.30': 0, '1.30-1.43': 1, '1.43-1.55': 2, '1.55-1.68': 0, '1.68-1.80': 0, '1.80-1.92': 0, '1.92-2.05': 2, '2.05-2.17': 0, '2.17-2.30': 0, '2.30-2.42': 1, '2.42-2.54': 0, '2.54-2.67': 1, '2.67-2.79': 0, '2.79-2.92': 1}","{'0.06-0.17': 7, '0.17-0.27': 4, '0.27-0.37': 13, '0.37-0.47': 2, '0.47-0.58': 10, '0.58-0.68': 0, '0.68-0.78': 2, '0.78-0.89': 0, '0.89-0.99': 0, '0.99-1.09': 5, '1.09-1.20': 0, '1.20-1.30': 0, '1.30-1.40': 0, '1.40-1.50': 1, '1.50-1.61': 0, '1.61-1.71': 0, '1.71-1.81': 0, '1.81-1.92': 1}",0.6553153149740025,1.3407420600142888,0.11764427110038234,4.584962500721156,6,0,2.402636640426163e-144,2,6,0.13333333333333333,0.044444444444444446,"{'0.16-0.20': 0, '0.20-0.24': 0, '0.24-0.28': 0, '0.28-0.32': 0, '0.32-0.36': 0, '0.36-0.41': 0, '0.41-0.45': 0, '0.45-0.49': 0, '0.49-0.53': 0, '0.53-0.57': 0, '0.57-0.61': 0, '0.61-0.66': 0, '0.66-0.70': 1, '0.70-0.74': 0, '0.74-0.78': 0, '0.78-0.82': 0, '0.82-0.86': 0, '0.86-0.91': 0, '0.91-0.95': 0, '0.95-0.99': 0, '0.99-1.03': 0, '1.03-1.07': 0, '1.07-1.11': 0, '1.11-1.16': 0}",0.0,0.0,0.0,0.0,0.0,0.4772727272727273,0.22727272727272727,0.022222222222222223,0.1590909090909091,0.22727272727272727,21.267279664727592,0.00669293801213486,0.047619047619047616,5991.379746678342,5.157123121211806,0.91005291005291,0.19054391671254245,0.1459425063033678,0.0014733881577176154,0.03836995208702607,8.82217476094608,0.6931471805599453,4.342663592334356,8.048205
12,sequenza_first_fragment.midi,31,8.446009022707692,4.628007615800993,"{0.0: 0.0821917808219178, 1.0: 0.0410958904109589, 2.0: 0.0365296803652968, 3.0: 0.045662100456621, 4.0: 0.2648401826484018, 5.0: 0.0547945205479452, 6.0: 0.1598173515981735, 7.0: 0.045662100456621, 8.0: 0.0776255707762557, 9.0: 0.1232876712328767, 10.0: 0.0319634703196347, 11.0: 0.0365296803652968}","{'60.00-61.11': 2, '61.11-62.21': 0, '62.21-63.32': 2, '63.32-64.43': 4, '64.43-65.54': 1, '65.54-66.64': 4, '66.64-67.75': 1, '67.75-68.86': 3, '68.86-69.96': 2, '69.96-71.07': 3, '71.07-72.18': 0, '72.18-73.29': 1, '73.29-74.39': 1, '74.39-75.50': 4, '75.50-76.61': 2, '76.61-77.71': 5, '77.71-78.82': 5, '78.82-79.93': 3, '79.93-81.04': 7, '81.04-82.14': 2, '82.14-83.25': 4, '83.25-84.36': 5, '84.36-85.46': 5, '85.46-86.57': 4, '86.57-87.68': 1, '87.68-88.79': 5, '88.79-89.89': 1, '89.89-91.00': 5}",77.79268292682927,77,28,0.6585365853658536,1,"{0: 7.0, 7: 7.0, 2: 5.0, 9: 6.0, 4: 11.0, 11: 4.0, 6: 11.0, 1: 6.0, 8: 6.0, 3: 7.0, 10: 5.0, 5: 7.0}",-1.2167832167832167,0.0,3.452052529534663,"[-1, 11, -10, -1, 22, -11, -2, 13, -2, -3, -10, 11, -11, 10, -25, 10, 13, -2, 0, -18, 2, 14, -11, -2, 15, 2, -9, 8, 6, 0, -1, -10, 14, -11, 6, -13, 3, -13, 14, -13, 0, 0, 0, 2, 0, -6, 6, 14, 6, -11, 2, 11, -5, 1, -2, 3, -10, 3, 0, 13, 0, -14, 9, 2, -3, 0, -2, 1, -3, -1, -10, 0, 6, -9, 11, 0, 6, 0, 0, -6, 11]",25,6.691358024691358,0,4.258573728182289,"{-25.0: 0.0045871559633027525, -18.0: 0.045871559633027525, -14.0: 0.013761467889908258, -13.0: 0.027522935779816515, -11.0: 0.03211009174311927, -10.0: 0.027522935779816515, -9.0: 0.009174311926605505, -6.0: 0.027522935779816515, -5.0: 0.0045871559633027525, -3.0: 0.01834862385321101, -2.0: 0.05045871559633028, -1.0: 0.03211009174311927, 0.0: 0.3853211009174312, 1.0: 0.009174311926605505, 2.0: 0.05045871559633028, 3.0: 0.022935779816513763, 6.0: 0.09174311926605505, 8.0: 0.0045871559633027525, 9.0: 0.0045871559633027525, 10.0: 0.01834862385321101, 11.0: 0.022935779816513763, 13.0: 0.03669724770642202, 14.0: 0.045871559633027525, 15.0: 0.009174311926605505, 22.0: 0.0045871559633027525}",0.0,0.9162456945817024,11.297872340425531,2.0,"{'-25.00--24.00': 1, '-24.00--23.00': 0, '-23.00--22.00': 0, '-22.00--21.00': 0, '-21.00--20.00': 0, '-20.00--19.00': 0, '-19.00--18.00': 0, '-18.00--17.00': 1, '-17.00--16.00': 0, '-16.00--15.00': 0, '-15.00--14.00': 0, '-14.00--13.00': 1, '-13.00--12.00': 3, '-12.00--11.00': 0, '-11.00--10.00': 5, '-10.00--9.00': 5, '-9.00--8.00': 2, '-8.00--7.00': 0, '-7.00--6.00': 0, '-6.00--5.00': 2, '-5.00--4.00': 1, '-4.00--3.00': 0, '-3.00--2.00': 3, '-2.00--1.00': 6, '-1.00-0.00': 4, '0.00-1.00': 13, '1.00-2.00': 2, '2.00-3.00': 5, '3.00-4.00': 3, '4.00-5.00': 0, '5.00-6.00': 0, '6.00-7.00': 6, '7.00-8.00': 0, '8.00-9.00': 1, '9.00-10.00': 1, '10.00-11.00': 2, '11.00-12.00': 5, '12.00-13.00': 0, '13.00-14.00': 3, '14.00-15.00': 4, '15.00-16.00': 1, '16.00-17.00': 0, '17.00-18.00': 0, '18.00-19.00': 0, '19.00-20.00': 0, '20.00-21.00': 0, '21.00-22.00': 1}",0.18518518518518517,0.4444444444444444,1,0.16049382716049382,9.343684677865312,0.07382262562206712,3.8253968253968256,1,16.18980823494163,29.454737755116618,0.9545454545454546,baca,100,3.408333333333335,0.28541666666666643,0.2903963414634147,0.4297728812187428,52,32.28854166666667,2.5396006065103074,5.284501018251736,82,0.39651491769547326,0.4950906249878061,2.5104024833738547,4.0934727169292895,0.075,0.9845684333757608,3.408333333333335,"{'0.02-0.07': 20, '0.07-0.13': 6, '0.13-0.18': 8, '0.18-0.24': 6, '0.24-0.29': 8, '0.29-0.35': 4, '0.35-0.40': 0, '0.40-0.45': 4, '0.45-0.51': 2, '0.51-0.56': 3, '0.56-0.62': 7, '0.62-0.67': 2, '0.67-0.72': 0, '0.72-0.78': 0, '0.78-0.83': 1, '0.83-0.89': 1, '0.89-0.94': 1, '0.94-0.99': 0, '0.99-1.05': 1, '1.05-1.10': 1, '1.10-1.16': 3, '1.16-1.21': 0, '1.21-1.27': 0, '1.27-1.32': 0, '1.32-1.37': 1, '1.37-1.43': 0, '1.43-1.48': 0, '1.48-1.54': 0, '1.54-1.59': 0, '1.59-1.64': 0, '1.64-1.70': 0, '1.70-1.75': 0, '1.75-1.81': 0, '1.81-1.86': 0, '1.86-1.91': 0, '1.91-1.97': 1, '1.97-2.02': 0, '2.02-2.08': 0, '2.08-2.13': 0, '2.13-2.18': 0, '2.18-2.24': 0, '2.24-2.29': 0, '2.29-2.35': 0, '2.35-2.40': 0, '2.40-2.46': 0, '2.46-2.51': 0, '2.51-2.56': 0, '2.56-2.62': 0, '2.62-2.67': 0, '2.67-2.73': 0, '2.73-2.78': 0, '2.78-2.83': 0, '2.83-2.89': 0, '2.89-2.94': 0, '2.94-3.00': 0, '3.00-3.05': 0, '3.05-3.10': 0, '3.10-3.16': 0, '3.16-3.21': 0, '3.21-3.27': 0, '3.27-3.32': 0, '3.32-3.38': 0, '3.38-3.43': 1}","{'0.02-0.09': 21, '0.09-0.15': 9, '0.15-0.22': 20, '0.22-0.28': 1, '0.28-0.35': 17, '0.35-0.41': 0, '0.41-0.48': 3, '0.48-0.55': 1, '0.55-0.61': 4, '0.61-0.68': 0, '0.68-0.74': 0, '0.74-0.81': 0, '0.81-0.87': 1, '0.87-0.94': 0, '0.94-1.00': 0, '1.00-1.07': 0, '1.07-1.14': 1, '1.14-1.20': 3, '1.20-1.27': 0, '1.27-1.33': 0, '1.33-1.40': 0, '1.40-1.46': 0, '1.46-1.53': 0, '1.53-1.59': 0, '1.59-1.66': 0, '1.66-1.72': 0, '1.72-1.79': 0, '1.79-1.86': 0, '1.86-1.92': 0, '1.92-1.99': 0, '1.99-2.05': 0, '2.05-2.12': 0, '2.12-2.18': 0, '2.18-2.25': 0, '2.25-2.31': 0, '2.31-2.38': 0, '2.38-2.45': 0, '2.45-2.51': 0, '2.51-2.58': 0, '2.58-2.64': 0, '2.64-2.71': 0, '2.71-2.77': 0, '2.77-2.84': 0, '2.84-2.90': 0, '2.90-2.97': 0, '2.97-3.04': 0, '3.04-3.10': 0, '3.10-3.17': 0, '3.17-3.23': 0, '3.23-3.30': 0, '3.30-3.36': 0, '3.36-3.43': 1}",0.41686686110915916,1.3782333780417708,0.10982887610922215,4.584962500721156,4,0,1.77132254016929e-278,2,2,0.024390243902439025,0.024390243902439025,"{'-0.08--0.04': 0, '-0.04-0.00': 0, '0.00-0.04': 0, '0.04-0.08': 0, '0.08-0.13': 0, '0.13-0.17': 0, '0.17-0.21': 0, '0.21-0.25': 0, '0.25-0.29': 0, '0.29-0.33': 0, '0.33-0.38': 0, '0.38-0.42': 0, '0.42-0.46': 1, '0.46-0.50': 0, '0.50-0.54': 0, '0.54-0.58': 0, '0.58-0.63': 0, '0.63-0.67': 0, '0.67-0.71': 0, '0.71-0.75': 0, '0.75-0.79': 0, '0.79-0.83': 0, '0.83-0.88': 0, '0.88-0.92': 0}",0.0,0.0,1.0,0.0,0.0,0.4567901234567901,0.07407407407407407,0.036585365853658534,0.16049382716049382,0.20987654320987653,14.998979499812513,0.0036785471874540183,0.03007518796992481,9781.964135256623,5.873859240082561,0.9373433583959899,0.42047913103869733,0.3343022256968882,0.001601828846119774,0.017670978702325476,8.998754769495703,0.6931471805599453,4.16044811881862,8.555474
13,sequenza_fourth_fragment.midi,35,9.515949137204307,4.341540639838633,"{0.0: 0.11421319796954314, 1.0: 0.035532994923857864, 2.0: 0.4416243654822335, 3.0: 0.01015228426395939, 4.0: 0.07614213197969542, 5.0: 0.01015228426395939, 6.0: 0.035532994923857864, 7.0: 0.02030456852791878, 8.0: 0.12690355329949238, 9.0: 0.01015228426395939, 10.0: 0.017766497461928932, 11.0: 0.10152284263959391}","{'60.00-61.40': 5, '61.40-62.80': 3, '62.80-64.20': 9, '64.20-65.60': 3, '65.60-67.00': 3, '67.00-68.40': 9, '68.40-69.80': 1, '69.80-71.20': 8, '71.20-72.60': 0, '72.60-74.00': 3, '74.00-75.40': 2, '75.40-76.80': 2, '76.80-78.20': 1, '78.20-79.60': 0, '79.60-81.00': 0, '81.00-82.40': 1, '82.40-83.80': 1, '83.80-85.20': 5, '85.20-86.60': 0, '86.60-88.00': 1, '88.00-89.40': 0, '89.40-90.80': 1, '90.80-92.20': 2, '92.20-93.60': 2, '93.60-95.00': 1}",71.71428571428571,64,25,0.6031746031746033,1,"{0: 8.0, 7: 4.0, 2: 4.0, 9: 4.0, 4: 9.0, 11: 5.0, 6: 4.0, 1: 5.0, 8: 7.0, 3: 4.0, 10: 5.0, 5: 4.0}",-1.2167832167832167,0.0,3.452052529534663,"[0, -1, 9, -10, 11, 2, 11, 0, 7, 4, -5, -22, 0, 0, 0, -2, 10, -8, 0, 16, 0, -13, -4, -6, 2, 2, -2, 2, -3, 2, 6, 21, -20, 16, -14, 1, -4, 23, 0, -25, -3, -1, 0, 2, 0, 15, -14, 17, -14, 0, 13, -7, -1, -6, 8, -4, -13, 0, 4, 0, 0, 0]",25,6.548387096774194,0,4.302941529016792,"{-25.0: 0.002551020408163265, -22.0: 0.002551020408163265, -20.0: 0.007653061224489796, -14.0: 0.007653061224489796, -13.0: 0.007653061224489796, -10.0: 0.00510204081632653, -8.0: 0.00510204081632653, -7.0: 0.002551020408163265, -6.0: 0.007653061224489796, -5.0: 0.002551020408163265, -4.0: 0.012755102040816325, -3.0: 0.00510204081632653, -2.0: 0.007653061224489796, -1.0: 0.007653061224489796, 0.0: 0.6556122448979591, 1.0: 0.002551020408163265, 2.0: 0.12244897959183673, 4.0: 0.00510204081632653, 6.0: 0.002551020408163265, 7.0: 0.08418367346938775, 8.0: 0.002551020408163265, 9.0: 0.007653061224489796, 10.0: 0.002551020408163265, 11.0: 0.01020408163265306, 13.0: 0.002551020408163265, 15.0: 0.002551020408163265, 16.0: 0.00510204081632653, 17.0: 0.00510204081632653, 21.0: 0.002551020408163265, 23.0: 0.002551020408163265}",-0.016129032258064516,0.8705195979686216,13.862068965517242,2.0,"{'-25.00--24.00': 1, '-24.00--23.00': 0, '-23.00--22.00': 0, '-22.00--21.00': 1, '-21.00--20.00': 0, '-20.00--19.00': 1, '-19.00--18.00': 0, '-18.00--17.00': 0, '-17.00--16.00': 0, '-16.00--15.00': 0, '-15.00--14.00': 0, '-14.00--13.00': 3, '-13.00--12.00': 2, '-12.00--11.00': 0, '-11.00--10.00': 0, '-10.00--9.00': 1, '-9.00--8.00': 0, '-8.00--7.00': 1, '-7.00--6.00': 1, '-6.00--5.00': 2, '-5.00--4.00': 1, '-4.00--3.00': 3, '-3.00--2.00': 2, '-2.00--1.00': 2, '-1.00-0.00': 3, '0.00-1.00': 15, '1.00-2.00': 1, '2.00-3.00': 6, '3.00-4.00': 0, '4.00-5.00': 2, '5.00-6.00': 0, '6.00-7.00': 1, '7.00-8.00': 1, '8.00-9.00': 1, '9.00-10.00': 1, '10.00-11.00': 1, '11.00-12.00': 2, '12.00-13.00': 0, '13.00-14.00': 1, '14.00-15.00': 0, '15.00-16.00': 1, '16.00-17.00': 2, '17.00-18.00': 1, '18.00-19.00': 0, '19.00-20.00': 0, '20.00-21.00': 0, '21.00-22.00': 1, '22.00-23.00': 1}",0.24193548387096775,0.3870967741935484,2,0.24193548387096775,7.562177162530642,0.4146287710575603,2.507936507936508,-1,10.3377838086219,25.708014508953283,1.0,ccbd,100,17.089583333333337,0.05416666666666714,0.6343419312169314,2.2134329608247967,31,44.46458333333333,1.416857986224992,4.529354829073352,63,0.7125504032258064,2.2208680654819166,2.8169883214153506,7.948766379492385,0.03278688524590164,0.9912273087102278,17.089583333333337,"{'0.05-0.54': 46, '0.54-1.03': 11, '1.03-1.52': 1, '1.52-2.01': 0, '2.01-2.49': 0, '2.49-2.98': 0, '2.98-3.47': 3, '3.47-3.96': 0, '3.96-4.45': 0, '4.45-4.94': 0, '4.94-5.42': 0, '5.42-5.91': 0, '5.91-6.40': 0, '6.40-6.89': 0, '6.89-7.38': 0, '7.38-7.87': 0, '7.87-8.35': 0, '8.35-8.84': 0, '8.84-9.33': 0, '9.33-9.82': 0, '9.82-10.31': 0, '10.31-10.80': 0, '10.80-11.28': 0, '11.28-11.77': 0, '11.77-12.26': 0, '12.26-12.75': 0, '12.75-13.24': 0, '13.24-13.72': 0, '13.72-14.21': 0, '14.21-14.70': 0, '14.70-15.19': 0, '15.19-15.68': 0, '15.68-16.17': 0, '16.17-16.65': 0, '16.65-17.14': 1}","{'0.05-0.60': 55, '0.60-1.16': 4, '1.16-1.71': 0, '1.71-2.26': 0, '2.26-2.81': 0, '2.81-3.36': 1, '3.36-3.91': 2, '3.91-4.46': 0, '4.46-5.01': 0, '5.01-5.57': 0, '5.57-6.12': 0, '6.12-6.67': 0, '6.67-7.22': 0, '7.22-7.77': 0, '7.77-8.32': 0, '8.32-8.87': 0, '8.87-9.42': 0, '9.42-9.98': 0, '9.98-10.53': 0, '10.53-11.08': 0, '11.08-11.63': 0, '11.63-12.18': 0, '12.18-12.73': 0, '12.73-13.28': 0, '13.28-13.84': 0, '13.84-14.39': 0, '14.39-14.94': 0, '14.94-15.49': 0, '15.49-16.04': 0, '16.04-16.59': 0, '16.59-17.14': 1}",0.5304052897434385,1.1768984468975563,0.09332324226292563,4.584962500721156,4,0,1.8642336253718325e-221,3,4,0.06349206349206349,0.047619047619047616,"{'0.03-0.07': 0, '0.07-0.11': 0, '0.11-0.16': 0, '0.16-0.20': 0, '0.20-0.24': 0, '0.24-0.28': 0, '0.28-0.32': 0, '0.32-0.36': 0, '0.36-0.41': 0, '0.41-0.45': 0, '0.45-0.49': 0, '0.49-0.53': 0, '0.53-0.57': 1, '0.57-0.61': 0, '0.61-0.66': 0, '0.66-0.70': 0, '0.70-0.74': 0, '0.74-0.78': 0, '0.78-0.82': 0, '0.82-0.86': 0, '0.86-0.91': 0, '0.91-0.95': 0, '0.95-0.99': 0, '0.99-1.03': 0}",0.0,6.0,0.0,0.0,1.0,0.5,0.06451612903225806,0.06349206349206349,0.24193548387096775,0.1935483870967742,13.74857510811775,0.004324710018186406,0.026402640264026403,11032.987703351731,5.628391405567623,0.9471947194719472,0.346477555932503,0.2770200588303134,0.0014863083588490171,0.020507405935241273,8.998754769495703,0.6931471805599453,4.367173482003154,7.6731505
14,sequenza_second_fragment.midi,30,7.912147377581353,4.498419401169,"{0.0: 0.09523809523809523, 1.0: 0.047619047619047616, 2.0: 0.10317460317460317, 3.0: 0.15079365079365079, 4.0: 0.09523809523809523, 5.0: 0.023809523809523808, 6.0: 0.05555555555555555, 7.0: 0.031746031746031744, 8.0: 0.11904761904761904, 9.0: 0.07936507936507936, 10.0: 0.0873015873015873, 11.0: 0.1111111111111111}","{'62.00-63.20': 3, '63.20-64.40': 3, '64.40-65.60': 0, '65.60-66.80': 2, '66.80-68.00': 0, '68.00-69.20': 4, '69.20-70.40': 1, '70.40-71.60': 2, '71.60-72.80': 2, '72.80-74.00': 2, '74.00-75.20': 4, '75.20-76.40': 1, '76.40-77.60': 2, '77.60-78.80': 1, '78.80-80.00': 3, '80.00-81.20': 3, '81.20-82.40': 2, '82.40-83.60': 5, '83.60-84.80': 2, '84.80-86.00': 2, '86.00-87.20': 5, '87.20-88.40': 1, '88.40-89.60': 0, '89.60-90.80': 0, '90.80-92.00': 1}",76.47058823529412,83,25,0.5098039215686274,1,"{0: 4.0, 7: 3.0, 2: 7.0, 9: 3.0, 4: 5.0, 11: 7.0, 6: 3.0, 1: 4.0, 8: 5.0, 3: 5.0, 10: 3.0, 5: 2.0}",-1.2167832167832167,0.0,3.452052529534663,"[-1, 10, -9, -1, 19, -9, -4, 5, -14, 11, -13, 8, -7, 8, 8, -2, 3, 0, -18, 4, -8, 0, -2, 1, 0, 19, -11, 0, -2, -3, 0, 14, 0, -16, 13, -3, 9, 0, -11, 7, 3, -4, 7, -6, -5, 13, 0, 0, -3, 4]",19,6.36,0,4.427976439385301,"{-18.0: 0.008, -16.0: 0.04, -14.0: 0.016, -13.0: 0.032, -11.0: 0.024, -9.0: 0.024, -8.0: 0.032, -7.0: 0.008, -6.0: 0.008, -5.0: 0.008, -4.0: 0.08, -3.0: 0.07200000000000001, -2.0: 0.088, -1.0: 0.024, 0.0: 0.24, 1.0: 0.04, 3.0: 0.016, 4.0: 0.016, 5.0: 0.016, 7.0: 0.048, 8.0: 0.048, 9.0: 0.016, 10.0: 0.016, 11.0: 0.016, 13.0: 0.016, 14.0: 0.008, 19.0: 0.04}",-0.06,0.9035485598461214,10.129032258064516,8.0,"{'-18.00--17.00': 1, '-17.00--16.00': 0, '-16.00--15.00': 1, '-15.00--14.00': 0, '-14.00--13.00': 1, '-13.00--12.00': 1, '-12.00--11.00': 0, '-11.00--10.00': 2, '-10.00--9.00': 0, '-9.00--8.00': 2, '-8.00--7.00': 1, '-7.00--6.00': 1, '-6.00--5.00': 1, '-5.00--4.00': 1, '-4.00--3.00': 2, '-3.00--2.00': 3, '-2.00--1.00': 3, '-1.00-0.00': 2, '0.00-1.00': 9, '1.00-2.00': 1, '2.00-3.00': 0, '3.00-4.00': 2, '4.00-5.00': 2, '5.00-6.00': 1, '6.00-7.00': 0, '7.00-8.00': 2, '8.00-9.00': 3, '9.00-10.00': 1, '10.00-11.00': 1, '11.00-12.00': 1, '12.00-13.00': 0, '13.00-14.00': 2, '14.00-15.00': 1, '15.00-16.00': 0, '16.00-17.00': 0, '17.00-18.00': 0, '18.00-19.00': 2}",0.18,0.46,1,0.18,8.576630675854009,0.19359194651473202,4.190476190476191,1,20.66685514553613,32.31248954025712,0.9310344827586207,baae,100,0.8208333333333344,0.05416666666666714,0.26899509803921573,0.19930515576587493,34,15.514583333333333,3.2872297569491074,4.946551812390047,51,0.30814583333333334,0.23524880538278573,2.0906575219852446,3.0395145320396333,0.0,0.989743318610787,0.965625,"{'0.04-0.06': 9, '0.06-0.09': 5, '0.09-0.11': 1, '0.11-0.14': 0, '0.14-0.17': 1, '0.17-0.19': 2, '0.19-0.22': 6, '0.22-0.24': 0, '0.24-0.27': 0, '0.27-0.30': 6, '0.30-0.32': 2, '0.32-0.35': 0, '0.35-0.37': 0, '0.37-0.40': 0, '0.40-0.43': 0, '0.43-0.45': 5, '0.45-0.48': 0, '0.48-0.51': 1, '0.51-0.53': 1, '0.53-0.56': 0, '0.56-0.58': 8, '0.58-0.61': 0, '0.61-0.64': 0, '0.64-0.66': 0, '0.66-0.69': 0, '0.69-0.71': 0, '0.71-0.74': 0, '0.74-0.77': 0, '0.77-0.79': 1, '0.79-0.82': 0, '0.82-0.84': 0, '0.84-0.87': 1, '0.87-0.90': 0, '0.90-0.92': 0, '0.92-0.95': 0, '0.95-0.97': 0, '0.97-1.00': 1}","{'0.04-0.06': 9, '0.06-0.08': 5, '0.08-0.11': 4, '0.11-0.13': 0, '0.13-0.16': 0, '0.16-0.18': 3, '0.18-0.20': 0, '0.20-0.23': 5, '0.23-0.25': 0, '0.25-0.28': 0, '0.28-0.30': 8, '0.30-0.33': 2, '0.33-0.35': 0, '0.35-0.37': 0, '0.37-0.40': 0, '0.40-0.42': 0, '0.42-0.45': 5, '0.45-0.47': 0, '0.47-0.49': 0, '0.49-0.52': 2, '0.52-0.54': 0, '0.54-0.57': 0, '0.57-0.59': 7, '0.59-0.61': 0, '0.61-0.64': 0, '0.64-0.66': 0, '0.66-0.69': 0, '0.69-0.71': 0, '0.71-0.74': 0, '0.74-0.76': 0, '0.76-0.78': 0, '0.78-0.81': 0, '0.81-0.83': 0, '0.83-0.86': 1}",0.5879378516807742,1.3020046862796146,0.10852118842662858,4.584962500721156,11,0,1.3445400345685912e-157,2,3,0.058823529411764705,0.0392156862745098,"{'0.09-0.13': 0, '0.13-0.17': 0, '0.17-0.21': 0, '0.21-0.25': 0, '0.25-0.30': 0, '0.30-0.34': 0, '0.34-0.38': 0, '0.38-0.42': 0, '0.42-0.46': 0, '0.46-0.50': 0, '0.50-0.55': 0, '0.55-0.59': 0, '0.59-0.63': 1, '0.63-0.67': 0, '0.67-0.71': 0, '0.71-0.75': 0, '0.75-0.80': 0, '0.80-0.84': 0, '0.84-0.88': 0, '0.88-0.92': 0, '0.92-0.96': 0, '0.96-1.00': 0, '1.00-1.05': 0, '1.05-1.09': 0}",0.0,2.0,1.0,2.0,1.0,0.52,0.06,0.0196078431372549,0.18,0.12,8.618036318867343,0.004370575561711296,0.03816793893129771,9873.014434869237,5.521461737405977,0.9427480916030534,0.34617440810630695,0.27534823200974307,0.0017450315535247054,0.023228717278032884,8.998754769495703,0.6931471805599453,4.778179635491041,8.54008
15,sequenza_sixth_fragment.midi,35,8.183401608896,4.814984359356677,"{0.0: 0.09565217391304348, 1.0: 0.08695652173913043, 2.0: 0.10434782608695653, 3.0: 0.08695652173913043, 4.0: 0.0782608695652174, 5.0: 0.06956521739130435, 6.0: 0.0782608695652174, 7.0: 0.06086956521739131, 8.0: 0.08695652173913043, 9.0: 0.06956521739130435, 10.0: 0.08695652173913043, 11.0: 0.09565217391304348}","{'61.00-62.06': 2, '62.06-63.12': 1, '63.12-64.18': 0, '64.18-65.24': 0, '65.24-66.30': 1, '66.30-67.36': 0, '67.36-68.42': 3, '68.42-69.48': 1, '69.48-70.55': 3, '70.55-71.61': 1, '71.61-72.67': 3, '72.67-73.73': 3, '73.73-74.79': 2, '74.79-75.85': 3, '75.85-76.91': 4, '76.91-77.97': 5, '77.97-79.03': 5, '79.03-80.09': 1, '80.09-81.15': 3, '81.15-82.21': 2, '82.21-83.27': 5, '83.27-84.33': 3, '84.33-85.39': 3, '85.39-86.45': 4, '86.45-87.52': 1, '87.52-88.58': 1, '88.58-89.64': 1, '89.64-90.70': 3, '90.70-91.76': 1, '91.76-92.82': 2, '92.82-93.88': 1, '93.88-94.94': 1, '94.94-96.00': 2}",79.38028169014085,77,33,0.5352112676056338,1,"{0: 7.0, 7: 4.0, 2: 7.0, 9: 5.0, 4: 5.0, 11: 7.0, 6: 6.0, 1: 7.0, 8: 6.0, 3: 5.0, 10: 6.0, 5: 6.0}",-1.2167832167832167,0.0,3.452052529534663,"[-2, 13, -13, 11, -14, 13, -2, -18, 26, -13, 2, -6, 20, -18, 1, 13, -11, 6, -11, -2, 15, 2, 3, -11, -2, 9, -10, 9, 10, -11, 9, -1, 2, -3, -1, 6, -6, -28, -1, 22, -15, 4, 9, 1, -14, 11, 2, -4, -4, 10, -3, 4, -8, -2, 1, -4, 11, -13, 9, -10, 9, -1, 10, -16, 16, -3, -6, 2, -13, 19]",27,8.714285714285714,9,4.61480775311147,"{-28.0: 0.008771929824561403, -18.0: 0.03508771929824561, -16.0: 0.017543859649122806, -15.0: 0.008771929824561403, -14.0: 0.02631578947368421, -13.0: 0.06140350877192982, -11.0: 0.05263157894736842, -10.0: 0.02631578947368421, -8.0: 0.017543859649122806, -6.0: 0.043859649122807015, -4.0: 0.05263157894736842, -3.0: 0.043859649122807015, -2.0: 0.08771929824561403, -1.0: 0.03508771929824561, 1.0: 0.043859649122807015, 2.0: 0.07894736842105263, 3.0: 0.017543859649122806, 4.0: 0.02631578947368421, 6.0: 0.017543859649122806, 9.0: 0.07017543859649122, 10.0: 0.043859649122807015, 11.0: 0.043859649122807015, 13.0: 0.05263157894736842, 15.0: 0.017543859649122806, 16.0: 0.017543859649122806, 19.0: 0.008771929824561403, 20.0: 0.017543859649122806, 22.0: 0.008771929824561403, 26.0: 0.017543859649122806}",-0.02857142857142857,0.9995917534020514,11.150943396226415,11.0,"{'-28.00--27.00': 1, '-27.00--26.00': 0, '-26.00--25.00': 0, '-25.00--24.00': 0, '-24.00--23.00': 0, '-23.00--22.00': 0, '-22.00--21.00': 0, '-21.00--20.00': 0, '-20.00--19.00': 0, '-19.00--18.00': 0, '-18.00--17.00': 2, '-17.00--16.00': 0, '-16.00--15.00': 1, '-15.00--14.00': 1, '-14.00--13.00': 2, '-13.00--12.00': 4, '-12.00--11.00': 0, '-11.00--10.00': 4, '-10.00--9.00': 2, '-9.00--8.00': 0, '-8.00--7.00': 1, '-7.00--6.00': 0, '-6.00--5.00': 3, '-5.00--4.00': 0, '-4.00--3.00': 3, '-3.00--2.00': 3, '-2.00--1.00': 5, '-1.00-0.00': 4, '0.00-1.00': 0, '1.00-2.00': 3, '2.00-3.00': 5, '3.00-4.00': 1, '4.00-5.00': 2, '5.00-6.00': 0, '6.00-7.00': 2, '7.00-8.00': 0, '8.00-9.00': 0, '9.00-10.00': 6, '10.00-11.00': 3, '11.00-12.00': 3, '12.00-13.00': 0, '13.00-14.00': 3, '14.00-15.00': 0, '15.00-16.00': 1, '16.00-17.00': 1, '17.00-18.00': 0, '18.00-19.00': 0, '19.00-20.00': 1, '20.00-21.00': 1, '21.00-22.00': 0, '22.00-23.00': 1, '23.00-24.00': 0, '24.00-25.00': 0, '25.00-26.00': 1}",0.2857142857142857,0.5571428571428572,0,0.08571428571428572,7.421398010988226,-0.06120293624734776,7.015873015873016,1,33.99688784535674,45.46631994318941,1.0,aeee,100,0.232291666666669,0.28541666666666643,0.23145539906103282,0.06817734806029066,26,18.428125,3.8528065117856536,3.7910450497225434,71,0.2617410714285714,0.15304388455552267,1.1807537837071718,0.8367306859215651,-0.028985507246376812,0.8841767560967909,1.1239583333333347,"{'0.05-0.10': 2, '0.10-0.14': 4, '0.14-0.19': 20, '0.19-0.23': 2, '0.23-0.28': 0, '0.28-0.32': 38, '0.32-0.37': 0, '0.37-0.41': 0, '0.41-0.46': 0, '0.46-0.50': 0, '0.50-0.55': 1, '0.55-0.59': 1, '0.59-0.64': 0, '0.64-0.68': 0, '0.68-0.73': 0, '0.73-0.77': 0, '0.77-0.82': 1, '0.82-0.86': 0, '0.86-0.91': 0, '0.91-0.95': 0, '0.95-1.00': 0, '1.00-1.04': 0, '1.04-1.09': 0, '1.09-1.13': 0, '1.13-1.18': 1}","{'0.05-0.06': 1, '0.06-0.07': 1, '0.07-0.08': 0, '0.08-0.09': 0, '0.09-0.10': 0, '0.10-0.11': 5, '0.11-0.12': 0, '0.12-0.13': 0, '0.13-0.13': 0, '0.13-0.14': 0, '0.14-0.15': 0, '0.15-0.16': 0, '0.16-0.17': 1, '0.17-0.18': 19, '0.18-0.19': 0, '0.19-0.20': 0, '0.20-0.21': 0, '0.21-0.21': 3, '0.21-0.22': 0, '0.22-0.23': 0, '0.23-0.24': 0, '0.24-0.25': 0, '0.25-0.26': 0, '0.26-0.27': 0, '0.27-0.28': 0, '0.28-0.29': 41}",0.3411775843890868,1.0765992962586897,0.09720631030213,4.584962500721156,6,0,2.6713754355172877e-306,2,2,0.028169014084507043,0.028169014084507043,"{'-0.16--0.12': 0, '-0.12--0.08': 0, '-0.08--0.03': 0, '-0.03-0.01': 0, '0.01-0.05': 0, '0.05-0.09': 0, '0.09-0.13': 0, '0.13-0.17': 0, '0.17-0.22': 0, '0.22-0.26': 0, '0.26-0.30': 0, '0.30-0.34': 0, '0.34-0.38': 1, '0.38-0.42': 0, '0.42-0.47': 0, '0.47-0.51': 0, '0.51-0.55': 0, '0.55-0.59': 0, '0.59-0.63': 0, '0.63-0.67': 0, '0.67-0.72': 0, '0.72-0.76': 0, '0.76-0.80': 0, '0.80-0.84': 0}",1.0,0.0,1.0,0.0,0.0,0.35714285714285715,0.1,0.0,0.0,0.24285714285714285,33.043743331809175,0.005773510135650054,0.045317220543806644,7097.452211472376,5.619063561688984,0.9154078549848943,0.25431413323352775,0.20504348945586673,0.001369387451637223,0.02528261242702648,8.998754769495703,0.6931471805599453,3.6658119188540974,9.984454
16,syrinx_fifth_fragment.midi,27,8.0215001993664,4.163702525003853,"{1.0: 0.4539473684210526, 2.0: 0.006578947368421052, 3.0: 0.009868421052631578, 4.0: 0.039473684210526314, 5.0: 0.046052631578947366, 6.0: 0.029605263157894735, 7.0: 0.03289473684210526, 8.0: 0.05263157894736842, 9.0: 0.049342105263157895, 10.0: 0.15789473684210525, 11.0: 0.12171052631578946}","{'61.00-62.23': 11, '62.23-63.45': 1, '63.45-64.68': 3, '64.68-65.91': 4, '65.91-67.14': 7, '67.14-68.36': 2, '68.36-69.59': 6, '69.59-70.82': 2, '70.82-72.05': 5, '72.05-73.27': 2, '73.27-74.50': 0, '74.50-75.73': 0, '75.73-76.95': 2, '76.95-78.18': 4, '78.18-79.41': 2, '79.41-80.64': 2, '80.64-81.86': 4, '81.86-83.09': 8, '83.09-84.32': 0, '84.32-85.55': 2, '85.55-86.77': 1, '86.77-88.00': 1}",71.72463768115942,61,22,0.6811594202898551,0,"{7: 6.0, 2: 1.0, 9: 10.0, 4: 6.0, 11: 7.0, 6: 5.0, 1: 15.0, 8: 4.0, 3: 1.0, 10: 8.0, 5: 6.0}",-1.22,0.0,3.1622776601683795,"[0, -1, 2, -3, -1, 2, -3, -1, -1, -3, 9, 0, 3, 3, -2, -1, -3, 0, -1, 2, -3, -1, 2, -3, -1, -1, -3, -3, -1, 2, -3, -1, 2, -3, -1, -1, -3, 9, -1, 2, -3, -1, 2, -3, -1, -1, -3, 0, 0, 5, -1, -1, -3, 0, 0, 8, -2, -6, 0, 10, 0, 0, -2, -2, -2, -2, -2, 0]",10,2.161764705882353,-1,2.778356753765495,"{-6.0: 0.012820512820512822, -3.0: 0.0982905982905983, -2.0: 0.08547008547008547, -1.0: 0.23076923076923078, 0.0: 0.4401709401709402, 2.0: 0.03418803418803419, 3.0: 0.017094017094017096, 5.0: 0.008547008547008548, 8.0: 0.012820512820512822, 9.0: 0.017094017094017096, 10.0: 0.042735042735042736}",-0.39705882352941174,0.8249724751621029,5.269230769230769,2.0,"{'-6.00--5.00': 1, '-5.00--4.00': 0, '-4.00--3.00': 0, '-3.00--2.00': 15, '-2.00--1.00': 7, '-1.00-0.00': 19, '0.00-1.00': 11, '1.00-2.00': 0, '2.00-3.00': 8, '3.00-4.00': 2, '4.00-5.00': 0, '5.00-6.00': 1, '6.00-7.00': 0, '7.00-8.00': 0, '8.00-9.00': 1, '9.00-10.00': 3}",0.0,0.058823529411764705,5,0.27941176470588236,8.456633398551695,-0.7911570009059028,1.6666666666666667,-1,5.585398332798247,7.060660114851816,1.0,cbeb,100,6.96875,0.25,0.4782608695652174,0.8644527998094741,18,33.0,2.090909090909091,3.4309922426805475,69,0.38235294117647056,0.351544043739987,1.4546962607597014,1.6393704122603066,-0.07462686567164178,0.8161327232532726,1.96875,"{'0.03-0.15': 11, '0.15-0.26': 32, '0.26-0.38': 7, '0.38-0.49': 4, '0.49-0.61': 0, '0.61-0.73': 0, '0.73-0.84': 4, '0.84-0.96': 0, '0.96-1.07': 9, '1.07-1.19': 0, '1.19-1.31': 0, '1.31-1.42': 0, '1.42-1.54': 0, '1.54-1.65': 0, '1.65-1.77': 0, '1.77-1.88': 0, '1.88-2.00': 1}","{'0.03-0.42': 54, '0.42-0.81': 4, '0.81-1.19': 9, '1.19-1.58': 0, '1.58-1.97': 0, '1.97-2.35': 1, '2.35-2.74': 0, '2.74-3.13': 0, '3.13-3.52': 0, '3.52-3.90': 0, '3.90-4.29': 0, '4.29-4.68': 0, '4.68-5.06': 0, '5.06-5.45': 0, '5.45-5.84': 0, '5.84-6.23': 0, '6.23-6.61': 0, '6.61-7.00': 1}",0.5351607290885633,1.1810044753853803,0.09781330808722549,4.584962500721156,1,0,3.881556358983142e-129,3,3,0.043478260869565216,0.043478260869565216,"{'0.04-0.08': 0, '0.08-0.12': 0, '0.12-0.16': 0, '0.16-0.20': 0, '0.20-0.24': 0, '0.24-0.29': 0, '0.29-0.33': 0, '0.33-0.37': 0, '0.37-0.41': 0, '0.41-0.45': 0, '0.45-0.49': 0, '0.49-0.54': 0, '0.54-0.58': 1, '0.58-0.62': 0, '0.62-0.66': 0, '0.66-0.70': 0, '0.70-0.74': 0, '0.74-0.79': 0, '0.79-0.83': 0, '0.83-0.87': 0, '0.87-0.91': 0, '0.91-0.95': 0, '0.95-0.99': 0, '0.99-1.04': 0}",0.0,6.0,1.0,0.0,1.0,0.4264705882352941,0.27941176470588236,0.057971014492753624,0.16176470588235295,0.5,47.139261128805025,0.007297905441045877,0.20784313725490197,2170.5689953179917,5.311786759652671,0.7254901960784313,0.27063609885757395,0.21567303677872834,0.0027604358205019805,0.02685601096046808,8.998754769495703,0.6931471805599453,4.284378423686911,4.844014
17,syrinx_first_fragment.midi,18,5.82302295821355,3.7966138511441434,"{0.0: 0.012195121951219513, 1.0: 0.03658536585365854, 4.0: 0.03048780487804878, 5.0: 0.03048780487804878, 6.0: 0.04878048780487805, 7.0: 0.03658536585365854, 8.0: 0.08536585365853659, 9.0: 0.024390243902439025, 10.0: 0.5792682926829269, 11.0: 0.11585365853658537}","{'66.00-67.20': 8, '67.20-68.40': 0, '68.40-69.60': 0, '69.60-70.80': 2, '70.80-72.00': 3, '72.00-73.20': 5, '73.20-74.40': 0, '74.40-75.60': 0, '75.60-76.80': 3, '76.80-78.00': 3, '78.00-79.20': 4, '79.20-80.40': 2, '80.40-81.60': 4, '81.60-82.80': 4, '82.80-84.00': 4}",75.4047619047619,66,15,0.6428571428571428,1,"{0: 2.0, 7: 6.0, 9: 4.0, 4: 3.0, 11: 6.0, 6: 6.0, 1: 4.0, 8: 2.0, 10: 6.0, 5: 3.0}",-0.9651805010806052,-0.4549590738924624,3.477067730142742,"[-1, 2, -3, -1, 2, -3, -1, -1, -3, 9, 2, -1, -1, 0, -1, 2, -3, -1, 2, -3, -1, -1, -3, -3, -4, 1, 4, 0, -5, 1, 5, -6, 1, 6, 4, -1, -3, -3, -4, 1, 4]",9,2.5121951219512195,-1,3.041756863286587,"{-6.0: 0.006493506493506494, -5.0: 0.006493506493506494, -4.0: 0.09090909090909091, -3.0: 0.07792207792207792, -1.0: 0.2532467532467533, 0.0: 0.4220779220779221, 1.0: 0.025974025974025976, 2.0: 0.07142857142857144, 4.0: 0.01948051948051948, 5.0: 0.006493506493506494, 6.0: 0.006493506493506494, 9.0: 0.012987012987012988}",-0.21951219512195122,0.9502809628672272,5.764705882352941,2.0,"{'-6.00--5.00': 1, '-5.00--4.00': 1, '-4.00--3.00': 2, '-3.00--2.00': 9, '-2.00--1.00': 0, '-1.00-0.00': 11, '0.00-1.00': 2, '1.00-2.00': 4, '2.00-3.00': 5, '3.00-4.00': 0, '4.00-5.00': 3, '5.00-6.00': 1, '6.00-7.00': 1, '7.00-8.00': 0, '8.00-9.00': 1}",0.0,0.024390243902439025,4,0.2682926829268293,5.44351319806428,-0.717404820148372,1.1587301587301588,-1,5.965327115259557,9.011153205411105,1.0,ccbe,100,5.979166666666668,0.125,0.42857142857142855,0.9054844519822286,10,18.0,2.3333333333333335,2.6942464384975704,42,0.4146341463414634,0.9119985173729153,2.7035714285714416,7.466567609925118,-0.05,0.8046738469715541,5.979166666666668,"{'0.02-0.69': 33, '0.69-1.35': 7, '1.35-2.01': 0, '2.01-2.68': 0, '2.68-3.34': 0, '3.34-4.01': 0, '4.01-4.67': 0, '4.67-5.34': 0, '5.34-6.00': 1}","{'0.02-0.62': 33, '0.62-1.22': 8, '1.22-1.81': 0, '1.81-2.41': 0, '2.41-3.01': 0, '3.01-3.61': 0, '3.61-4.21': 0, '4.21-4.80': 0, '4.80-5.40': 0, '5.40-6.00': 1}",0.4198687837354347,1.2476796124027971,0.10561394968089848,4.501629167387822,6,0,1.4307592550845094e-82,2,2,0.047619047619047616,0.047619047619047616,"{'-0.08--0.04': 0, '-0.04-0.00': 0, '0.00-0.04': 0, '0.04-0.09': 0, '0.09-0.13': 0, '0.13-0.17': 0, '0.17-0.21': 0, '0.21-0.25': 0, '0.25-0.29': 0, '0.29-0.34': 0, '0.34-0.38': 0, '0.38-0.42': 0, '0.42-0.46': 1, '0.46-0.50': 0, '0.50-0.54': 0, '0.54-0.59': 0, '0.59-0.63': 0, '0.63-0.67': 0, '0.67-0.71': 0, '0.71-0.75': 0, '0.75-0.79': 0, '0.79-0.84': 0, '0.84-0.88': 0, '0.88-0.92': 0}",1.0,2.0,0.0,0.0,1.0,0.3902439024390244,0.36585365853658536,0.11904761904761904,0.04878048780487805,0.4878048780487805,41.08641975308642,0.008553086419753086,0.16167664670658682,2512.4687976892724,4.977524530298963,0.7844311377245509,0.26346167953548405,0.21673894245088188,0.00211765498695132,0.03941449425477201,8.911125383710678,0.6931471805599453,4.107629342121552,6.858396
18,syrinx_fourth_fragment.midi,22,5.216985925681641,3.921225234972723,"{0.0: 0.02, 1.0: 0.12, 2.0: 0.044, 3.0: 0.116, 4.0: 0.016, 5.0: 0.044, 6.0: 0.06, 8.0: 0.06, 9.0: 0.028, 10.0: 0.464, 11.0: 0.028}","{'60.00-61.16': 4, '61.16-62.32': 4, '62.32-63.47': 1, '63.47-64.63': 1, '64.63-65.79': 2, '65.79-66.95': 5, '66.95-68.11': 5, '68.11-69.26': 3, '69.26-70.42': 10, '70.42-71.58': 6, '71.58-72.74': 0, '72.74-73.89': 7, '73.89-75.05': 9, '75.05-76.21': 1, '76.21-77.37': 3, '77.37-78.53': 2, '78.53-79.68': 0, '79.68-80.84': 1, '80.84-82.00': 2}",70.31818181818181,70,19,0.7121212121212122,1,"{0: 1.0, 2: 7.0, 9: 3.0, 4: 2.0, 11: 6.0, 6: 7.0, 1: 10.0, 8: 6.0, 3: 7.0, 10: 12.0, 5: 5.0}",-1.30289659581376,0.12560689717674575,3.574473318425,"[3, -1, -3, -1, 1, 5, 3, -7, 4, -1, -3, -1, 14, 0, -2, -2, -1, -2, 0, -5, 3, 2, 2, 3, 2, -2, 2, 2, -2, -2, -2, -1, 0, 0, 1, 2, 1, -1, -2, -1, 1, 3, 2, -2, -3, -1, -1, -1, -2, -4, 4, 2, 1, 1, 5, -2, -3, 8, -1, -7, 7, 1, 2, 2, 0]",14,2.4307692307692306,-1,3.389085595092845,"{-7.0: 0.043478260869565216, -5.0: 0.004347826086956522, -4.0: 0.004347826086956522, -3.0: 0.052173913043478265, -2.0: 0.10869565217391304, -1.0: 0.09130434782608696, 0.0: 0.3565217391304348, 1.0: 0.04782608695652174, 2.0: 0.043478260869565216, 3.0: 0.043478260869565216, 4.0: 0.013043478260869566, 5.0: 0.06521739130434782, 7.0: 0.0391304347826087, 8.0: 0.043478260869565216, 14.0: 0.043478260869565216}",-0.03076923076923077,0.9602760944201375,7.3,1.0,"{'-7.00--6.00': 2, '-6.00--5.00': 0, '-5.00--4.00': 1, '-4.00--3.00': 1, '-3.00--2.00': 4, '-2.00--1.00': 11, '-1.00-0.00': 12, '0.00-1.00': 5, '1.00-2.00': 7, '2.00-3.00': 10, '3.00-4.00': 5, '4.00-5.00': 2, '5.00-6.00': 2, '6.00-7.00': 0, '7.00-8.00': 1, '8.00-9.00': 1, '9.00-10.00': 0, '10.00-11.00': 0, '11.00-12.00': 0, '12.00-13.00': 0, '13.00-14.00': 1}",0.015384615384615385,0.07692307692307693,4,0.18461538461538463,6.721511060580053,0.8320503799817504,1.9365079365079365,1,7.876433436532507,8.723078007577104,1.0,ebee,100,4.984375,0.16666666666666607,0.4090909090909091,0.6631358853876814,19,27.0,2.4444444444444446,3.5332003792994384,66,0.38461538461538464,0.6379476382460048,6.422526422838601,39.5435241434908,0.03125,0.8094896154367887,4.984375,"{'0.02-0.29': 43, '0.29-0.57': 14, '0.57-0.85': 0, '0.85-1.12': 7, '1.12-1.40': 0, '1.40-1.68': 0, '1.68-1.95': 0, '1.95-2.23': 0, '2.23-2.51': 0, '2.51-2.78': 0, '2.78-3.06': 0, '3.06-3.34': 0, '3.34-3.62': 0, '3.62-3.89': 0, '3.89-4.17': 0, '4.17-4.45': 0, '4.45-4.72': 0, '4.72-5.00': 1}","{'0.02-0.28': 41, '0.28-0.54': 16, '0.54-0.80': 0, '0.80-1.06': 7, '1.06-1.33': 0, '1.33-1.59': 0, '1.59-1.85': 0, '1.85-2.11': 1, '2.11-2.38': 0, '2.38-2.64': 0, '2.64-2.90': 0, '2.90-3.16': 0, '3.16-3.43': 0, '3.43-3.69': 0, '3.69-3.95': 0, '3.95-4.21': 0, '4.21-4.48': 0, '4.48-4.74': 0, '4.74-5.00': 1}",0.7145468604097346,1.0435121836886103,0.09752612320482329,4.584962500721156,10,0,8.111196737149031e-108,2,7,0.10606060606060606,0.030303030303030304,"{'0.21-0.26': 0, '0.26-0.30': 0, '0.30-0.34': 0, '0.34-0.38': 0, '0.38-0.42': 0, '0.42-0.46': 0, '0.46-0.51': 0, '0.51-0.55': 0, '0.55-0.59': 0, '0.59-0.63': 0, '0.63-0.67': 0, '0.67-0.71': 0, '0.71-0.76': 1, '0.76-0.80': 0, '0.80-0.84': 0, '0.84-0.88': 0, '0.88-0.92': 0, '0.92-0.96': 0, '0.96-1.01': 0, '1.01-1.05': 0, '1.05-1.09': 0, '1.09-1.13': 0, '1.13-1.17': 0, '1.17-1.21': 0}",0.0,6.0,1.0,0.0,1.0,0.3076923076923077,0.2923076923076923,0.045454545454545456,0.07692307692307693,0.6153846153846154,33.63665072965093,0.006073692173236096,0.049342105263157895,6911.085306878155,5.54052360697119,0.9144736842105263,0.4889407303390106,0.3987435354416442,0.0030844827419286088,0.019863532273876095,8.998754769495703,0.6931471805599453,4.776362388226881,5.5528755
19,syrinx_second_fragment.midi,26,6.151199689306838,4.007942895581381,"{1.0: 0.09523809523809525, 3.0: 0.14285714285714288, 4.0: 0.01904761904761905, 5.0: 0.01904761904761905, 6.0: 0.028571428571428574, 7.0: 0.01904761904761905, 8.0: 0.13333333333333336, 9.0: 0.0380952380952381, 10.0: 0.2285714285714286, 11.0: 0.2761904761904762}","{'61.00-62.37': 1, '62.37-63.74': 0, '63.74-65.11': 2, '65.11-66.47': 2, '66.47-67.84': 2, '67.84-69.21': 8, '69.21-70.58': 5, '70.58-71.95': 3, '71.95-73.32': 3, '73.32-74.68': 0, '74.68-76.05': 3, '76.05-77.42': 1, '77.42-78.79': 1, '78.79-80.16': 2, '80.16-81.53': 0, '81.53-82.89': 1, '82.89-84.26': 2, '84.26-85.63': 1, '85.63-87.00': 1}",72.28947368421052,70,19,0.5,1,"{7: 2.0, 9: 4.0, 4: 2.0, 11: 5.0, 6: 3.0, 1: 5.0, 8: 6.0, 3: 3.0, 10: 6.0, 5: 2.0}",-1.0216450216450208,-0.20063178769254447,3.0397368307141326,"[3, 2, 3, 4, 0, 3, 0, 2, 2, -5, -12, -1, 2, -3, -1, 2, -3, -1, -1, -3, 9, -1, 2, -3, -1, 2, -3, 2, 2, 3, 2, 3, -1, -2, -2, -3, 0]",12,2.5405405405405403,2,2.8649920579477586,"{-12.0: 0.057692307692307696, -5.0: 0.125, -3.0: 0.057692307692307696, -2.0: 0.019230769230769232, -1.0: 0.22115384615384617, 0.0: 0.19230769230769232, 2.0: 0.25961538461538464, 3.0: 0.04807692307692308, 4.0: 0.009615384615384616, 9.0: 0.009615384615384616}",0.0,0.9586025865388216,6.615384615384615,3.0,"{'-12.00--11.00': 1, '-11.00--10.00': 0, '-10.00--9.00': 0, '-9.00--8.00': 0, '-8.00--7.00': 0, '-7.00--6.00': 0, '-6.00--5.00': 0, '-5.00--4.00': 1, '-4.00--3.00': 0, '-3.00--2.00': 6, '-2.00--1.00': 2, '-1.00-0.00': 7, '0.00-1.00': 3, '1.00-2.00': 0, '2.00-3.00': 10, '3.00-4.00': 5, '4.00-5.00': 1, '5.00-6.00': 0, '6.00-7.00': 0, '7.00-8.00': 0, '8.00-9.00': 1}",0.0,0.05405405405405406,4,0.2702702702702703,7.662672688714754,-0.6285777704897448,1.2698412698412698,1,8.609694362472995,11.953105844943828,1.0,ddaa,100,1.2916666666666674,0.16666666666666607,0.3040844298245614,0.34975886684756213,15,12.05625,3.1518921721099016,3.49019099977329,38,0.32134009009009007,0.35548440118925156,1.7305822904641273,1.8984825059851924,-0.1388888888888889,0.9175080313840969,1.2916666666666674,"{'0.04-0.12': 13, '0.12-0.20': 13, '0.20-0.28': 0, '0.28-0.36': 0, '0.36-0.45': 0, '0.45-0.53': 4, '0.53-0.61': 0, '0.61-0.69': 4, '0.69-0.77': 0, '0.77-0.85': 0, '0.85-0.93': 0, '0.93-1.01': 0, '1.01-1.09': 0, '1.09-1.17': 0, '1.17-1.25': 0, '1.25-1.33': 3}","{'0.04-0.13': 15, '0.13-0.21': 13, '0.21-0.30': 0, '0.30-0.39': 0, '0.39-0.47': 0, '0.47-0.56': 4, '0.56-0.64': 0, '0.64-0.73': 3, '0.73-0.82': 0, '0.82-0.90': 0, '0.90-0.99': 0, '0.99-1.08': 0, '1.08-1.16': 0, '1.16-1.25': 0, '1.25-1.33': 3}",0.6288946207616014,1.235696242521782,0.08427906045386395,4.584962500721156,8,0,1.2577177584555743e-64,3,3,0.07894736842105263,0.07894736842105263,"{'0.13-0.17': 0, '0.17-0.21': 0, '0.21-0.25': 0, '0.25-0.30': 0, '0.30-0.34': 0, '0.34-0.38': 0, '0.38-0.42': 0, '0.42-0.46': 0, '0.46-0.50': 0, '0.50-0.55': 0, '0.55-0.59': 0, '0.59-0.63': 0, '0.63-0.67': 1, '0.67-0.71': 0, '0.71-0.75': 0, '0.75-0.80': 0, '0.80-0.84': 0, '0.84-0.88': 0, '0.88-0.92': 0, '0.92-0.96': 0, '0.96-1.00': 0, '1.00-1.05': 0, '1.05-1.09': 0, '1.09-1.13': 0}",0.0,6.0,1.0,0.0,0.0,0.43243243243243246,0.1891891891891892,0.10526315789473684,0.08108108108108109,0.5135135135135135,41.07447081612173,0.008938364956008308,0.06097560975609756,4164.599438550098,4.958524439864577,0.8719512195121951,0.3716961412151041,0.29888296315813884,0.002717429793268436,0.038985372233184164,8.998754769495703,0.6931471805599453,4.306546024235053,5.560179
20,syrinx_third_fragment.midi,21,5.7472607316146505,3.9999378618403383,"{0.0: 0.03418803418803419, 1.0: 0.18803418803418806, 2.0: 0.042735042735042736, 3.0: 0.17094017094017094, 4.0: 0.11111111111111112, 5.0: 0.11965811965811968, 6.0: 0.10256410256410257, 7.0: 0.017094017094017096, 8.0: 0.03418803418803419, 9.0: 0.09401709401709403, 10.0: 0.08547008547008547}","{'60.00-61.05': 5, '61.05-62.10': 3, '62.10-63.15': 7, '63.15-64.20': 6, '64.20-65.25': 7, '65.25-66.30': 7, '66.30-67.35': 1, '67.35-68.40': 3, '68.40-69.45': 3, '69.45-70.50': 3, '70.50-71.55': 0, '71.55-72.60': 1, '72.60-73.65': 5, '73.65-74.70': 1, '74.70-75.75': 5, '75.75-76.80': 0, '76.80-77.85': 1, '77.85-78.90': 3, '78.90-79.95': 1, '79.95-81.00': 3}",68.27692307692308,63,20,0.6923076923076923,0,"{0: 2.0, 7: 2.0, 2: 4.0, 9: 5.0, 4: 6.0, 6: 10.0, 1: 9.0, 8: 4.0, 3: 12.0, 10: 3.0, 5: 8.0}",-1.22,0.0,3.1622776601683795,"[-7, 2, 3, 2, 2, 3, 2, 3, -1, -2, -2, -3, 0, 3, 2, 3, 3, 0, -1, -1, -1, -3, 0, -1, -1, -1, -3, 0, -1, -1, -1, -3, 3, -1, -1, -1, 2, -1, -1, 3, -1, -1, -1, 3, -1, -1, -1, 2, -1, -1, -1, 3, -1, -3, -1, 1, 5, 3, -7, 4, -1, -3, -1, 12]",12,2.078125,-1,2.5652977331038542,"{-7.0: 0.036036036036036036, -3.0: 0.07207207207207207, -2.0: 0.018018018018018018, -1.0: 0.3783783783783784, 0.0: 0.13513513513513514, 1.0: 0.02702702702702703, 2.0: 0.10810810810810811, 3.0: 0.13513513513513514, 4.0: 0.009009009009009009, 5.0: 0.02702702702702703, 12.0: 0.05405405405405406}",-0.25,0.9354143466934853,5.761904761904762,4.0,"{'-7.00--6.00': 2, '-6.00--5.00': 0, '-5.00--4.00': 0, '-4.00--3.00': 0, '-3.00--2.00': 6, '-2.00--1.00': 2, '-1.00-0.00': 28, '0.00-1.00': 4, '1.00-2.00': 1, '2.00-3.00': 7, '3.00-4.00': 11, '4.00-5.00': 1, '5.00-6.00': 1, '6.00-7.00': 0, '7.00-8.00': 0, '8.00-9.00': 0, '9.00-10.00': 0, '10.00-11.00': 0, '11.00-12.00': 1}",0.0,0.046875,4,0.4375,5.4408888505808495,-0.4711162998173798,1.8888888888888888,1,11.243480423898927,13.454337507405608,1.0,aaee,100,0.6395833333333343,0.08333333333333304,0.19219551282051278,0.15524474954357756,20,12.5,5.2,3.9534807066429933,65,0.18489583333333334,0.14458367573956815,1.8558366647611149,2.3823742551983993,-0.19047619047619047,0.9233675918888246,0.6395833333333343,"{'0.03-0.06': 8, '0.06-0.09': 19, '0.09-0.12': 3, '0.12-0.15': 0, '0.15-0.18': 3, '0.18-0.21': 6, '0.21-0.24': 12, '0.24-0.27': 0, '0.27-0.30': 0, '0.30-0.33': 0, '0.33-0.36': 10, '0.36-0.39': 0, '0.39-0.42': 0, '0.42-0.45': 0, '0.45-0.48': 0, '0.48-0.51': 0, '0.51-0.54': 0, '0.54-0.58': 0, '0.58-0.61': 0, '0.61-0.64': 0, '0.64-0.67': 3}","{'0.03-0.06': 8, '0.06-0.09': 19, '0.09-0.12': 3, '0.12-0.16': 0, '0.16-0.19': 3, '0.19-0.22': 6, '0.22-0.25': 12, '0.25-0.28': 0, '0.28-0.31': 0, '0.31-0.35': 10, '0.35-0.38': 0, '0.38-0.41': 0, '0.41-0.44': 0, '0.44-0.47': 0, '0.47-0.51': 0, '0.51-0.54': 0, '0.54-0.57': 0, '0.57-0.60': 0, '0.60-0.63': 0, '0.63-0.67': 4}",0.5628311039889212,1.1535406013327898,0.0996785591636073,4.584962500721156,3,0,8.168280197350036e-107,2,4,0.06153846153846154,0.03076923076923077,"{'0.06-0.10': 0, '0.10-0.15': 0, '0.15-0.19': 0, '0.19-0.23': 0, '0.23-0.27': 0, '0.27-0.31': 0, '0.31-0.35': 0, '0.35-0.40': 0, '0.40-0.44': 0, '0.44-0.48': 0, '0.48-0.52': 0, '0.52-0.56': 0, '0.56-0.60': 1, '0.60-0.65': 0, '0.65-0.69': 0, '0.69-0.73': 0, '0.73-0.77': 0, '0.77-0.81': 0, '0.81-0.85': 0, '0.85-0.90': 0, '0.90-0.94': 0, '0.94-0.98': 0, '0.98-1.02': 0, '1.02-1.06': 0}",0.0,0.0,1.0,0.0,0.0,0.390625,0.453125,0.03076923076923077,0.0625,0.59375,47.59071980963712,0.007469099081234715,0.08627450980392157,3076.026824959866,5.304568557771076,0.807843137254902,0.3167485045852817,0.24981702832994285,0.0025813678484703966,0.026311563935843052,8.998754769495703,0.6931471805599453,4.298505088937392,5.404049
